0.0,3.2,早晚網我是可今天的影片是英國特集
3.2,5.6000000000000005,但在開始今天影片之前先承清一下
5.6000000000000005,6.96,我上次的衝浪下雨
6.96,8.040000000000001,是紋身貼紙
8.040000000000001,8.76,假的
9.24,10.44,我沒有真的吃上去
10.44,11.64,我還沒有風承那樣
11.64,13.08,而且今天如果真的要吃情
13.08,14.4,怎麼會只吃一個呢
14.4,15.8,我們衝浪下雨的功能
15.8,17.68,比天還高 比海還生
17.68,19.2,熟性手臂都是浪
19.2,20.400000000000002,像是無限裝置
20.400000000000002,23.52,假的一個帳號就可以在不同的裝置上通知使用
23.52,25.6,Iphone Iphone Iphone
26.240000000000002,28.0,PSU或X80也可以用
28.0,29.8,或是乾脆次 款活折扣
29.8,31.240000000000002,我們在英國的時候有組車
31.240000000000002,32.36,可是當下太感了
32.36,33.72,忘記用沙雨先比價
33.72,34.76,所以並可以省點錢
34.76,36.44,因為英國真的好貴
36.44,38.44,次在手上 永遠不忘
39.16,40.2,或是刺個
42.2,44.68,我發現這邊好容值會不舒服
44.68,46.6,從任何沙雨優惠真的很多
46.6,48.28,像是現在有價值優惠
48.28,49.8,假說如果我的折扣馬戶可
49.8,51.96,身體12萬套裝就會額外上
51.96,53.480000000000004,五個月的免費使用起線
53.480000000000004,55.400000000000006,假的功能像是保護網路連線
55.400000000000006,56.36,五個支援責
56.36,57.8,冷術箱把IP條去那裡
57.8,58.84,就跳去那裡支付
58.84,60.6,將近大家都聽到的多長間了
60.6,61.720000000000006,看起來進度跳好
61.720000000000006,63.32000000000001,外面的沙雨偷走一分鐘
64.12,65.72,感謝車上沙雨站住這支影片
65.72,67.4,讓我有前座很多文生貼紙
67.4,68.28,所以就讓我們回到
68.28,69.24000000000001,一國特集
70.28,72.88000000000001,Una-K-K-K
72.88000000000001,75.24000000000001,看不出來一台這支車
75.24000000000001,76.68,晚上6時吧
76.68,77.64,天非常亮
77.64,78.52000000000001,真的6時吧
78.52000000000001,79.24000000000001,怎麼會不會亮
79.24000000000001,80.04,我們要去
80.04,81.24000000000001,FNP
81.24000000000001,81.88,先說完
81.88,82.68,幫我針一下
82.68,83.16,先說完
83.16,83.88,先說完
83.88,84.84,OK
86.84,88.28,7.16了
88.28,90.28,英國真是是不落地國
90.28,91.56,這裡有AirFate嗎
91.56,92.36,好說是
92.36,93.24,我們要幫他用的
93.24,94.68,這就是沒有
94.68,95.48,A&A
95.48,96.68,連線跟著
98.68,99.88,我真的很認識
99.88,101.08,為什麼還有
101.08,101.64,真的
101.64,102.68,為什麼還要老記念
102.68,103.08,真的
103.08,103.48,真的
103.48,104.36,謝謝CNM
104.36,105.08,是人家的
105.08,105.64,真的
105.64,107.08,還有一個樓上
107.08,107.72,多認識的
107.72,109.08,你怎麼幫他帶來陪我
109.08,109.88,來
109.88,110.68,一個好近
110.68,111.64,在住在樓上
111.64,112.28,真是
112.28,112.92,我不要
112.92,113.88,我這裡有不要亮
113.88,115.8,現在7.37了還是很亮
115.8,117.8,目前對於英國非常開心
117.8,119.56,你自然明天被牛越好
119.56,120.75999999999999,路上洗澡頭你走過來
120.75999999999999,121.48,總體會不會改他家
121.48,121.96,對你這樣
121.96,123.0,這樣怎麼壓來影子
123.0,123.39999999999999,對
123.39999999999999,124.2,對
124.2,125.8,我發現你今天有趣的
125.8,127.0,是每個房間
127.0,127.88,都有洗手臺
127.88,129.4,但A&A都沒有什麼嗎
129.4,130.04,沒有
130.04,130.76,樓色頭
130.76,131.56,臺真的
131.56,133.24,這裡也有洗手臺
133.24,133.8,對
133.8,134.6,是樓色頭
134.6,135.72,樓色頭
135.72,136.76,樓色頭
136.76,137.4,然後我走到
137.4,138.28,開到情況下
138.28,139.24,樓色頭
139.24,140.51999999999998,還有一個廚房
140.51999999999998,141.32,這樣住下來
141.32,142.76,一晚也是很不便宜
142.76,143.84,兩萬多塊臺
143.84,144.2,比
144.2,145.24,這跟我想像之後
145.24,146.44,TOKB小不太一樣
146.44,147.56,他是Turkish
147.56,148.56,SOOB
148.56,149.8,來輕易吃一個B
149.8,151.56,我拿一塊給拿住了兩半
151.56,152.04,可以
152.04,153.72,現在有兩力也可以嗎
153.72,154.2,可以
154.2,155.56,樓摸的時候可以就可以了
155.56,157.0,當我不會跑便宜
157.0,157.8,晚上8點
157.8,159.64000000000001,英國還沒有要天黑的意思
159.64000000000001,161.48,英國真的是滿乾淨的
161.48,162.2,也還沒有錯位
162.2,165.24,這個區域是最黃金的市中心
165.24,166.36,你會有黃金的市中心
166.36,166.84,還是會有
166.84,168.68,這個我想像這種立陶不太一樣
168.68,169.88,要給我兩大洗澡
169.88,170.68,這裡就好
173.48000000000002,174.44,要住
174.44,175.48000000000002,這樣就要300塊臺
175.48000000000002,177.48000000000002,你跳我手
178.2,179.64,那我就小比比轉aurais
179.64,180.64,還會跳我手
180.64,181.28,你手底差了
181.28,182.04,放一脹其實你好
182.04,182.56,你不會脹
182.72,183.16,不是
183.16,183.56,好
183.56,184.0, Firstly
184.23999999999998,186.04,我放在西州
187.23999999999998,188.07999999999998,運動
189.28,189.72,算是
189.72,190.73999999999998,很二級
190.73999999999998,191.62,只有幾粘
191.95999999999998,192.51999999999998,貼的
193.51999999999998,194.94,我給你的抽
198.2,199.51999999999998,70
200.28,202.51999999999998,我只是摔不到
204.51999999999998,204.83999999999997,是不是
204.83999999999997,206.6,你是一個貼客人
206.6,207.64,這個
207.64,208.68,你真的在
208.68,210.28,好可愛
210.28,211.84,好飛雪山巨
211.84,213.24,好可愛
213.24,214.6,你如果好吃兩道的東西
214.6,215.64,你會吃嗎
215.64,216.6,可以吃吃的
216.6,217.28,好甜
217.28,218.04,好甜
218.04,219.48,你覺得地方很長位嗎
219.48,220.48,有一個特殊味道
220.48,221.48,真的超甜的
221.48,223.0,兩只吃起來六只吃
223.0,224.95999999999998,一國肉價好軌
224.95999999999998,226.12,總共才六只吃
226.12,227.24,牛排有給我們打車
227.24,228.44,幾乎是免費給我們
228.44,229.68,最後你應該調一下
229.68,231.48,剛剛還可以說要吃一輪
231.48,232.35999999999999,對
232.35999999999999,233.64,要吃一輪
233.64,234.24,剛剛吃一輪
234.24,235.64,傳你的地址給打
235.64,236.16,不要
236.16,237.76,好啦就地址不是訂合
237.76,238.76,好痛
238.76,240.07999999999998,這一個會有吃腳
240.07999999999998,240.92,主義
240.92,243.12,貴水在這邊叫1.35
243.12,243.76,看完飯
243.76,244.4,好痛
246.4,247.56,其他不會再買看
247.56,248.16,我在兩個時候
248.16,249.35999999999999,因為這邊的膝蓋會是
249.35999999999999,251.35999999999999,那就是我們英國第一點
251.35999999999999,253.96,然後大家在立即看食餐的時候
253.96,255.35999999999999,但我們大家都很開心
255.35999999999999,256.08,真的
256.08,257.76,喂
257.76,258.96,第二天打早
258.96,260.4,我要來收回我覺得
260.4,262.56,輪輪空氣很好的評論
262.56,263.56,因為我早上請求
263.56,264.96,我第一次一輩都是比食
264.96,265.92,我大堅
265.92,267.68,你找到幾乘的鼻子嗎
267.68,269.64000000000004,你怎麼覺得鼻子很不同
269.64000000000004,270.6,好 我真的我要鼻子
270.6,271.52000000000004,我要讓他留鼻子
271.52000000000004,272.52000000000004,你要鼻子嗎
273.52000000000004,274.52000000000004,完全沒有
274.52000000000004,276.52000000000004,看來鼻子是英人而已
276.52000000000004,277.12,好歪
277.12,278.76,但是女下整夜我的愛意出
278.76,279.8,你水的燈機
279.8,281.0,超多人不真閃的
281.0,281.64000000000004,為什麼
281.64000000000004,283.0,他們都會習慣下雨嗎
283.0,284.40000000000003,我今天的工作是
284.40000000000003,286.20000000000005,在阿里夏邊前跟Pita約會
287.20000000000005,288.36,好多男
288.36,289.48,這也叫就是雞龍
289.48,290.6,還是輪輪輪輪
290.6,292.16,好痛
292.16,293.32,好痛
293.32,294.52000000000004,這也是幸福
295.12,296.12,還要整奏一下
296.12,297.03999999999996,跟哥哥約會
297.03999999999996,298.12,我真的很難客氣
298.12,299.91999999999996,我自己有現在下面全失了
299.91999999999996,301.52,這是正常的反應
303.52,304.91999999999996,這是我的Fairing Pancake
304.91999999999996,305.71999999999997,好厚
305.71999999999997,307.52,如果想像說我們的 Pancake不太一樣
307.52,308.91999999999996,你真的這麼恨我
308.91999999999996,309.52,介紹
309.52,311.12,這個我竹麗全跟別人醫生
311.12,312.32,現在在學長了
312.32,313.52,阿里達開起來就會寫
313.52,315.12,這個是我的Fairing Cake
316.32,317.32,搜招我
318.32,319.91999999999996,你知他在冰箭的時候很奇怪
319.91999999999996,320.91999999999996,這個不是冰訣一點
320.91999999999996,322.12,對 這是奶油
322.12,322.91999999999996,很冰的Crit
322.91999999999996,324.12,但這樣子翻譯過來
324.12,325.32,好像又是Ice Cream
325.32,327.52,對 我可能因爲太單特別的很高
327.52,329.12,那我會用很堅尋的英文
329.12,331.12,你比白宮今天的狀況很怕冰膚
331.12,332.52,好痛的想幹嘛啦
332.52,333.82,到底為什麼要這樣做
333.82,334.62,就可以跟
334.62,336.12,愛跟我配跟住愛
337.12,339.52,我會把它認在我配跟上一個地方吃酒
339.52,341.32,我讓讓我帶一種的男人
342.92,344.52,我把小孩子都吃掉
344.52,345.72,可以吃的怕的
345.72,347.12,你不怕他來精神
349.12,350.12,我把它寫在寫
350.12,351.92,我要絕自己的身份
351.92,353.92,輪輪輪的建築物跟得好漂亮
353.92,355.32,感覺隨便就20000元
355.32,356.12,這一餐都是阿
356.12,356.72,是吧
357.72,359.92,我覺得今天的早餐還好
359.92,361.52000000000004,但是電源很漂亮
361.52000000000004,363.72,昨天立天好黑是不是沒有開燈
363.72,365.12,我買個還希望歸身
366.52000000000004,367.92,這個要快好大一步
370.32,371.92,原增地鐵書體驗
371.92,374.12,我覺得很像黑暗的我們如現小
374.12,375.12,但冷又很多
375.12,375.92,但很感情
375.92,377.32,完全沒有怪味的
377.32,378.52000000000004,暖氣有點太強
378.52000000000004,379.92,很像很像黑暗
381.12,382.92,魚州最強的手複雞
382.92,383.72,可是我喜歡
383.72,386.12,它很旁邊的廣告都很同意
386.12,387.52000000000004,漂亮的
387.52000000000004,388.52000000000004,更漂亮的
389.52000000000004,390.92,金色紮膜
390.92,392.32000000000005,狀之一數也很特別
393.32000000000005,396.12,輪輪的建築放進來最高20
396.12,398.32000000000005,我覺得它像夜景建築反
398.32000000000005,399.92,全世界地方很讚耶
399.92,402.12,全世界我跟阿里山上面互歐
402.12,403.92,這個甚至比我還重
403.92,405.32000000000005,可是根據的其實又是
405.32000000000005,407.12,你可以抗量之我
407.12,408.72,那我要先學會隱分正就是我
410.12,412.12,我看的話我真的不敢相信
412.12,414.12,我在輪輪的展開在做這種建築
415.12,416.12,你現在只做了一個
416.12,417.12,你會不會去
417.12,418.12,你會不會去
418.12,419.12,你會不會去
420.12,421.12,你會不會去
421.12,422.12,你會不會去
422.12,423.12,你會不會去
423.12,424.12,你會不會去
424.12,425.12,我吃喝的很好吃
425.12,427.12,我跟我的內心一樣黑暗
427.12,428.12,那種是心主耶
428.12,430.12,我現在有感受到人家的
430.12,431.12,不如的味道
431.12,433.12,真的是聽過世紀耶
433.12,434.12,為什麼
434.12,435.12,幫人家空黑暗
435.12,436.12,開放愛金凱斯
436.12,438.12,隨時隨時平靜
438.12,440.12,這樣幾乎我其實在台灣差不多
440.12,441.12,台灣是前輩的超貴的
441.12,442.12,我會不會
442.12,444.12,我怕這個書裡炸彈
444.12,445.12,我好像
445.12,446.12,你要不要看他
446.12,447.12,你很棒哦
447.12,448.12,我
448.12,450.12,我我我我我
453.12,454.12,我我我我我我
454.12,455.12,真的很香牛奶太
455.12,456.12,我非常值得
456.12,458.12,但肉不是騙了牛肉
458.12,459.12,是整塊的那種
459.12,460.12,感覺是牛肉的條
460.12,462.12,負責英國第一名
462.12,463.12,我買的東西
463.12,466.12,但英國就是要吃嫁一層點
466.12,467.12,好
467.12,468.12,好
468.12,470.12,你要聽跟著感想很假的
470.12,471.12,真的感想
471.12,472.12,不可
472.12,473.12,真的數量
473.12,474.12,如果還要
474.12,475.12,對
475.12,477.12,大育數量的數量就是數量
477.12,479.12,我覺得他的優點就是吃嫁
479.12,480.12,你關膩
480.12,481.12,這是很有名的
481.12,482.12,一度會亂口
482.12,483.12,這就是什麼意思
483.12,485.12,一頓全校裡面的一個甜點
485.12,486.12,他草莓跟鮮奶油
486.12,487.12,那邊辣在一起
487.12,488.12,然後一頓混亂
488.12,490.12,我現在吃了也很混亂
490.12,491.12,而且很辣的混亂
491.12,492.12,但這是真的
492.12,493.12,他真的有名的英國甜點
493.12,494.12,了解
494.12,495.12,這樣要4.5
495.12,497.12,一頓混亂
497.12,498.12,好
498.12,499.12,好
499.12,500.12,我真的會有名的
500.12,501.12,但他真的有點混亂
501.12,502.12,那種東西都可以告訴我
502.12,503.12,4.5
503.12,504.12,很辣
504.12,505.12,沒有
505.12,506.12,這裡真的是皮膚芒
506.12,507.12,很瘋狂
511.12,512.12,我這個名字
512.12,513.12,我這個名字看起來很辣
513.12,514.12,真的
514.12,517.12,還現在我要全部融入到那個醬裡面
517.12,518.12,然後飯是飲的
518.12,519.12,很喜歡那名品
519.12,520.12,我剛剛都有吃
520.12,522.12,一秒在海裡
524.12,525.12,這對7.5
525.12,526.12,實在是有點排
526.12,527.12,但是我不會放過了
527.12,529.12,我每個吃草莓雞糊
529.12,531.12,我體面的鹹草莓紅
531.12,534.12,蘋果的草莓飽飽
534.12,535.12,這
535.12,536.12,草莓看到有嚇的
536.12,538.12,蘋果的草莓有半個肚子
538.12,539.12,我覺得波羅士很讚
539.12,541.12,而且還一直可以吃到很多東西的底下
541.12,543.12,我自己好哈利波特
543.12,544.12,我覺得大家重強迷
544.12,546.12,我不可以到模法世界
546.12,548.12,推薦每天都要排骨的
548.12,549.12,真的要吃
549.12,551.12,我們吃了一口就要吃
551.12,552.12,好多的
552.12,553.12,好多的
553.12,554.12,好注意
554.12,555.12,我們要吃的很飽
555.12,556.12,每個都過千大卡
556.12,557.12,看不到
557.12,558.12,喝跟平常就那麼高嗎
558.12,559.12,看
559.12,560.12,那一天六百卡
560.12,561.12,我們一吃的配酒
561.12,562.12,那我肉
562.12,563.12,那我肉
563.12,564.12,我肉肉
564.12,566.12,我肉肉肉肉肉肉
566.12,567.12,那肉排超讚
567.12,569.12,這個小皮肉
569.12,570.12,我肉肉是
570.12,571.12,那肉的英國第一名
571.12,573.12,然後我可以吃你的花卡嗎
573.12,574.12,對
574.12,575.12,對
575.12,576.12,對
576.12,577.12,很老吃的
577.12,579.12,那我肉肉是在肉的
579.12,580.12,那我這個飯咸的
580.12,581.12,很老吃的
581.12,583.12,還給我高興
583.12,584.12,你看
584.12,585.12,我吃的很高
585.12,586.12,真的好吃
591.12,592.12,難怪他有一千六百卡
592.12,593.12,對
593.12,594.12,三十二百
594.12,595.12,你們有覺得
595.12,596.12,晚上的輪論比較漂亮
596.12,597.12,那樣嗎
597.12,598.12,互動散去
598.12,599.12,因為晚上八點
599.12,600.12,漂亮時了
600.12,602.12,早上拍到巫猫猫
606.12,607.12,好
607.12,608.12,所以平常的味道
608.12,609.12,滿特別的
609.12,610.12,好 剛剛沒的
610.12,611.12,好漂亮
612.12,613.12,很磨
613.12,614.12,好 又喝好酒
614.12,616.12,吃好的那個海鮮豐
616.12,617.12,你們就開進過長的樣子
617.12,618.12,要留我臉
618.12,619.12,謝謝
623.12,624.12,我不認同它是開鮮豐
624.12,625.12,比起領
625.12,626.12,好 而一句腦的開鮮豐
626.12,627.12,第二名作為了標誌
627.12,628.12,那你可以不會喜歡
628.12,629.12,毀進去幫很多
629.12,631.12,慢慢會再幫很多
631.12,633.12,第二名是買我吃的
633.12,635.12,沒有 最好吃是油格
635.12,636.12,超級大米數一點而已
636.12,639.12,我剛剛看到這個包子
639.12,640.12,還有五棒
640.12,641.12,塔 Bay
642.12,644.12,好 今天就這樣
644.12,645.12,整個片就要睡了
645.12,646.12,大家玩
647.12,649.12,今天一大早是我們的
649.12,650.12,旁邊像我愛教學
650.12,651.12,我們現在在肯行動
651.12,653.12,我們現在在哪裡
653.12,655.12,因為這邊其實比較像
655.12,656.12,私人別數
656.12,657.12,但是因為在那種
657.12,658.12,很喜歡住在這邊
658.12,660.12,所以很多人喜歡這臉
660.12,661.12,他死了
661.12,662.12,他現在死了
662.12,663.12,現在是在兒子
663.12,664.12,我有時親王
664.12,665.12,OK 為了聯網
665.12,666.12,只說在這兒子
666.12,667.12,我可以去摸他的圖頭
667.12,669.12,但是我家有每天的
669.12,671.12,才能夠用人不死
671.12,672.12,在那邊的地方可以每天
672.12,673.12,有一對人才能夠
673.12,675.12,但是要是有人不被來餐
675.12,676.12,我就還OK
676.12,677.12,對
677.12,678.12,那我們要去看你
678.12,679.12,還要錢
679.12,680.12,那你有問過你
680.12,681.12,我跟調響
681.12,682.12,我實在是
682.12,684.12,但把它調得跟朋友有點不像
684.12,685.12,在為多利亞
685.12,686.12,女王以前
686.12,687.12,訂過黃色的形象沒有很怕
687.12,689.12,但是為多利亞女王牛轉
689.12,690.12,牛轉他們
690.12,691.12,你知道嗎
691.12,692.12,你知道他有多會生嗎
692.12,693.12,他生了很多小孩
693.12,695.12,然後後面都嫁給很多澳洲黃絲
695.12,696.12,所以他又叫做澳洲主女
696.12,698.12,在他的時期就是
698.12,700.12,英國真的變成大英帝國
700.12,701.12,對
701.12,702.12,金子
704.12,706.12,當上流社會知道的辛苦
706.12,708.12,他們根本就過不了門
708.12,709.12,不知道
709.12,710.12,不是趁起來的
710.12,711.12,這樣把臉通搬
711.12,713.12,好帥
713.12,714.12,哥哥
714.12,715.12,你看到大帝國之用
715.12,716.12,這個趁起來的
716.12,717.12,然後男生的威神秘
717.12,719.12,要幫他做飽包
719.12,720.12,這是親撤的
720.12,721.12,你所謂咬用手
721.12,722.12,幫我們聽成
722.12,724.12,好棒
724.12,725.12,好棒
725.12,727.12,可是很大澳洲
727.12,729.12,我們就是要跟那種多利亞女王小孩
729.12,731.12,多利亞女王有朋友在家酒
731.12,733.12,因為他以前沒有朋友
733.12,734.12,在家酒店在家酒店
734.12,735.12,他就一直搞搞
735.12,736.12,我一個見到的人
736.12,738.12,就是他來拿著親的王子們
738.12,740.12,他都給他給王的高高
740.12,742.12,他自己都會搞得做人家
742.12,743.12,他不可能令人老
743.12,744.12,有
744.12,745.12,不是黃絲群
745.12,747.12,為什麼會長在家女服
747.12,749.12,你讓我嚇命這樣
749.12,750.12,好 我看
751.12,754.12,這邊就是新親的地方
754.12,755.12,而且這邊挺好的
755.12,756.12,別聽太多的
756.12,758.12,所以在好小的地方
758.12,760.12,我這樣很貴
760.12,761.12,而且我這樣多少
761.12,762.12,20
762.12,763.12,80
763.12,764.12,所以那五坑
764.12,766.12,我是他完全沒有幫我加的
766.12,767.12,你有加的嗎
767.12,768.12,我來講我的感想
768.12,770.12,我覺得現在的東西比
770.12,771.12,太多了
771.12,772.12,東西多太多
772.12,773.12,如果想要看大多會
773.12,775.12,他們當初穿的衣服
775.12,776.12,我去看洗上沙巴
776.12,777.12,就
777.12,778.12,如果不是要特地來
778.12,779.12,很現實地地
779.12,780.12,對
780.12,781.12,真正歷史的地方
781.12,782.12,只有十分之一
782.12,783.12,所以我有點
783.12,784.12,小時候還有誰
784.12,785.12,大家找到一個提球
785.12,786.12,大家看我
786.12,787.12,六棒的漢堡
787.12,788.12,好嗎
790.12,791.12,好棒喔
791.12,792.12,好棒喔
792.12,793.12,好美
793.12,795.12,我以為他都會損
795.12,796.12,好厲害
796.12,798.12,第一次吃到很酸草
798.12,799.12,你到底要那麼遠
799.12,800.12,你是發現高級
800.12,801.12,是不是要嗎
801.12,802.12,要沒有
802.12,804.12,你怎麼會一直在說
804.12,805.12,我從到這些
805.12,806.12,我從到什麼都都
806.12,808.12,都沒什麼愛學過
809.12,811.12,有我跟他過得完
811.12,812.12,他走了
812.12,813.12,欸
813.12,814.12,他在說我六棒的漢堡
814.12,815.12,這就是我們的肯星段
815.12,817.12,跟說說我前面
817.12,818.12,進行要強烈的批判
818.12,819.12,但我還是覺得
819.12,821.12,這也是個漂亮的地方
821.12,822.12,只是這種感覺
822.12,823.12,就真的很像你去帶衣服
823.12,824.12,不管然後展示出100件
824.12,826.12,消價是定演唱會一幅的感覺
826.12,828.12,但是大家看他們看很開心
828.12,829.12,開心
829.12,830.12,這條威脅
832.12,834.12,你看到你是教我媽媽
834.12,835.12,那我怎麼都對決
835.12,836.12,我媽媽都對決
836.12,837.12,他都對決
837.12,838.12,他們在動物大車行
838.12,840.12,有什麼過通幫忙
840.12,842.12,其實人分最經典的事情
844.12,845.12,我們遇到一下草
845.12,846.12,開啟裝店
846.12,847.12,但我太愛了
847.12,849.12,穿起來都太大了
851.12,852.12,我知道這裡很像什麼
852.12,853.12,什麼
853.12,854.12,金牌肉
854.12,855.12,有點像金牌肉
855.12,856.12,這個好好吃
856.12,857.12,有一個多少錢
857.12,858.12,十塊
858.12,860.12,我的業務的錢被吞死在一起
860.12,861.12,但是人們還好去
861.12,863.12,但是好歷史
863.12,864.12,很多感覺
864.12,866.12,用這水水機感覺可以當
866.12,867.12,狀比幾個
867.12,868.12,所以用這個比起
868.12,869.12,我們目前唯一覺得
869.12,871.12,不算習慣的地方
871.12,874.12,是在於英國很多餐廳沒有測所
874.12,875.12,他們該怎麼解決
875.12,876.12,自己體內的靈魂
876.12,878.12,每黑口水都在機算自己的朋友
878.12,880.12,這是我買的無糖沙士
880.12,882.12,放在我剛得這個新人的消息
882.12,884.12,證據那下叫四點五棒
884.12,886.12,這是什麼英國女王喝的茶
886.12,887.12,很色
887.12,888.12,很珍珠奶茶
888.12,889.12,發生
889.12,890.12,我買了一個好派的皮肩
890.12,891.12,要16棒
891.12,893.12,這還行
893.12,894.12,這真的很棒
894.12,895.12,這真的很棒
895.12,897.12,所以每一個漢堡都可以
897.12,898.12,OK
898.12,899.12,所以我買了一個很勇人
899.12,901.12,在這邊是漢小水的
901.12,902.12,寶寶
902.12,903.12,Pita的二十
903.12,904.12,最可惡時候是黃大潛
904.12,905.12,我還買了
905.12,906.12,都拿花了一百一棒
906.12,907.12,超便宜的
907.12,909.12,好都算了一個電源條件
909.12,910.12,我是付錢的女人
910.12,911.12,在這種地方
911.12,912.12,照見人才一直是我的夢想
912.12,914.12,電源到這樣演的
914.12,916.12,我拜託你不要來
916.12,917.12,我就是這樣跳著
917.12,918.12,我一直跳著
919.12,922.12,好大的咖啡天
922.12,924.12,這樣子無點無棒
924.12,925.12,可以接手
925.12,927.12,而且還買了一個要養一片
927.12,928.12,然後
928.12,930.12,你分享的塊都生活毒字
930.12,931.12,永久
931.12,933.12,這個跟得好好
933.12,934.12,聽過也是買養一片
934.12,935.12,什麼空氣
935.12,936.12,好有怕
936.12,937.12,那家怎麼喝的
937.12,938.12,我再幹嘛
938.12,940.12,我不知道再幹嘛
940.12,941.12,那家書裡有一點
941.12,942.12,也是有可能
944.12,946.12,這真的是無啊
947.12,948.12,我家的門口也想要長這樣
948.12,950.12,真的有橫家外丁
950.12,951.12,好遠喔
951.12,952.12,這是好酷
952.12,954.12,真的是算是
954.12,955.12,白金看工
955.12,956.12,為什麼很重要
956.12,957.12,就是英國最悲傷
957.12,958.12,或是最快的時候
958.12,960.12,基本上都是在這邊寸步的
960.12,961.12,大家那種王飛的
961.12,962.12,四季之文
962.12,963.12,對的宣戰是在這邊
963.12,964.12,我現在興奮到
964.12,965.12,普普都說進去了
965.12,966.12,哇填好灰
966.12,967.12,哇填好灰
967.12,968.12,那樣是
968.12,969.12,是燈金馬車
969.12,970.12,我記得很值
970.12,971.12,對
971.12,973.12,我非常買一百金很工
973.12,975.12,非常值得來參觀
975.12,977.12,那你真的看到那個有化
977.12,978.12,展示在裡面
978.12,979.12,就是說那真的是很立體
979.12,980.12,為最可惜的就是裡面
980.12,981.12,不能拍攝
981.12,982.12,但你真的是青年
982.12,983.12,才可以看到它
983.12,985.12,每拿每一個浮掉都漂亮
985.12,986.12,當你真的看到
986.12,987.12,登記時的全帳
987.12,988.12,或者是直寶
988.12,989.12,為什麼東西
989.12,990.12,那真的很正漢
990.12,991.12,衣服真的很長
991.12,992.12,然後我覺得
992.12,993.12,白金看工必來
993.12,995.12,希望大家都可以輕眼來看看
995.12,996.12,因為裡面不能錄影
996.12,998.12,但我有好好地用眼睛記錄這一切
998.12,999.12,都是的時候跟我一起陪著
999.12,1001.12,掉錄時了
1001.12,1002.12,你看我買了什麼
1002.12,1003.12,不買一個黃貫
1003.12,1004.12,而且要一件是最便宜的
1004.12,1005.12,我買了一個貓的
1005.12,1006.12,那貓的貓的貓
1006.12,1007.12,另外
1008.12,1009.12,然後還有一個茶
1009.12,1010.12,因為我本人應該也不會
1010.12,1011.12,碰來喝
1011.12,1012.12,就想放我的沾力品去
1012.12,1014.12,另外是小麵貓
1015.12,1016.12,還有護拳
1016.12,1017.12,這樣就是
1017.12,1020.12,把蘸果的樹的好大顆
1020.12,1021.12,漂亮的食了
1021.12,1022.12,起來
1022.12,1023.12,雞蛋真的很粗
1023.12,1024.12,這樣就是
1024.12,1025.12,這樣就是
1025.12,1026.12,有
1028.12,1029.12,好像是這樣
1029.12,1030.12,來往拍
1030.12,1031.12,給你一顆
1031.12,1032.12,來給你一顆
1032.12,1033.12,來給你一顆
1033.12,1034.12,一顆
1034.12,1035.12,一顆
1035.12,1036.12,我看起來真的
1036.12,1037.12,我是
1037.12,1038.12,它一排是
1038.12,1039.12,十棒
1039.12,1040.12,我覺得這樣
1040.12,1042.12,因為它很清晰的價格
1042.12,1043.12,它很硬
1043.12,1045.12,可是肉醬好久
1045.12,1047.12,你跟感覺好好吃
1047.12,1048.12,東西那個小人
1048.12,1049.12,我會去小巷
1049.12,1051.12,變成肉泥的感覺
1051.12,1053.12,有一個蛋白
1053.12,1055.12,它肉醬跟起吃的
1055.12,1056.12,是絕配
1056.12,1057.12,好好吃
1058.12,1059.12,好
1061.12,1062.12,很不膩
1062.12,1063.12,我剛結帳的時候
1063.12,1064.12,才發現我們剛剛這樣吃下來
1064.12,1065.12,也是台地兩千拔
1065.12,1066.12,一點都不便宜
1066.12,1067.12,我們不能被洗腦
1067.12,1069.12,我剛剛看到我刷十塊
1069.12,1070.12,那一塊
1070.12,1071.12,我不是不以為我結帳的時候
1071.12,1072.12,看到跟它刷卡金
1072.12,1073.12,有兩千拔
1073.12,1074.12,沒有便宜
1074.12,1075.12,沒有
1075.12,1076.12,我要吃飯
1076.12,1078.12,太久沒吃到百飯
1078.12,1079.12,就不死
1079.12,1080.12,英國的開始產品
1080.12,1081.12,你看他們都每次喝
1081.12,1082.12,還是奶茶
1082.12,1083.12,他們在喝紅白酒
1083.12,1085.12,可以吃咖啡奶茶
1086.12,1087.12,比國包咖啡
1087.12,1089.12,我覺得太軟吃到這間店
1089.12,1090.12,可能會生氣
1090.12,1091.12,看起來很好吃
1095.12,1097.12,但是醜表面給你
1097.12,1099.12,但是後會去從跟我吃這餐
1099.12,1100.12,綠家裡門好吃的
1100.12,1102.12,可是它的飯不是太多
1102.12,1103.12,我覺得飯會有點醜
1103.12,1104.12,太軟
1104.12,1106.12,我跟大千的共識
1106.12,1108.12,這間店很像你在家裡
1108.12,1109.12,想要看不客太吃料
1109.12,1110.12,因為做出來的東西
1110.12,1111.12,好吃
1111.12,1112.12,但好像有點不是很派
1112.12,1113.12,我們這樣吃下來
1113.12,1114.12,是三十四拔
1114.12,1116.12,我從明天開始一天幾十三千
1116.12,1118.12,讓我破產我死
1118.12,1120.12,後天就要上這支影片
1120.12,1121.12,我現在才在接
1121.12,1122.12,我更看自己去吃那個
1122.12,1123.12,太適合料理
1123.12,1124.12,這是沒有自治理的小狗
1124.12,1125.12,大家覺得跟要這樣
1125.12,1126.12,我的影片裡面
1126.12,1127.12,看多吃這些人
1127.12,1129.12,其實這個神秘的男子
1129.12,1130.12,所以誰的頻道
1130.12,1132.12,算機甚至去覺得對焦他
1134.12,1135.12,輪到我睡覺了
1135.12,1136.12,打完
1137.12,1138.12,哇
1138.12,1139.12,看看誰
1139.12,1141.12,27歲孩的魔會刷牙
1141.12,1143.12,還以為即剛洗澡的
1143.12,1145.12,我來開手會會議了
1145.12,1147.12,我可以當手會用今天把人交捷片
1147.12,1148.12,後剛洗澡
1148.12,1150.12,然後我們四個區域吃
1150.12,1151.12,那就決定
1151.12,1153.12,我是第一的手會
1153.12,1155.12,手會先去買一間的評審B區域
1155.12,1157.12,那能包就是
1157.12,1159.12,因為我們大門化一條
1159.12,1161.12,只能進去不能出來
1161.12,1162.12,所以有人要當手會
1162.12,1164.12,電腦這樣也拿這個子帶
1164.12,1166.12,然後再聽說很快走
1166.12,1167.12,好像後面最厲害
1167.12,1169.12,人家是5.5
1169.12,1170.12,5.5
1170.12,1171.12,我們要的IPR
1171.12,1172.12,是195
1174.12,1175.12,各位養師們
1175.12,1176.12,再見
1176.12,1178.12,各位好好收揮我們家的
1178.12,1179.12,回家
1179.12,1180.12,驚惑
1180.12,1181.12,在這手動作
1181.12,1182.12,這邊不通查
1182.12,1183.12,大概我喝一口
1183.12,1184.12,就會滑掉
1184.12,1185.12,我會是快台臂
1185.12,1186.12,看你吧
1186.12,1187.12,我這樣好像有點點錯
1187.12,1189.12,我會不會看點昨天吃的那個
1189.12,1191.12,就是很多草蛋的通過
1191.12,1194.12,你看你今天沒有蛋
1194.12,1195.12,蛋還是滿好吃的
1195.12,1196.12,真的很會很單直
1196.12,1197.12,為什麼蛋治流回地
1197.12,1198.12,學定格比較
1198.12,1200.12,它的麵包體真的好好吃
1200.12,1202.12,我還不然那麼普鬆
1202.12,1203.12,而且也不會油
1203.12,1204.12,那工作了
1204.12,1206.12,哇
1206.12,1208.12,這時候二點是放的習慣
1208.12,1209.12,好甜
1209.12,1210.12,台灣習慣
1210.12,1211.12,我們會太出去
1211.12,1212.12,我先用一種很去
1212.12,1213.12,先聽說那個
1213.12,1216.12,一碗是要分就要16.5棒
1216.12,1218.12,好棒好棒棒
1218.12,1219.12,很棒
1222.12,1223.12,去味道
1223.12,1225.12,這樣有點有餓
1225.12,1226.12,喜歡你很好吃
1227.12,1228.12,怎麼很好吃
1228.12,1230.12,就是肉很奇怪
1230.12,1231.12,不知道是不是他們又為了
1231.12,1233.12,配白酒跟紅酒
1233.12,1234.12,用剛剛點外送
1234.12,1236.12,也是問我要不要加夠白酒或紅酒
1236.12,1238.12,但是喝分本人是好吃的
1238.12,1239.12,說我一繼續工作
1240.12,1242.12,而且都說你會喝完整菜
1242.12,1243.12,定了
1243.12,1244.12,這個有餓的做的
1244.12,1245.12,為什麼
1245.12,1246.12,我剛去接他們
1246.12,1247.12,才30秒
1247.12,1248.12,那我也沒說門
1248.12,1250.12,但我們會說門沒說起來
1250.12,1252.12,他只有可能從你今天反作
1253.12,1255.12,我一直可以說
1257.12,1258.12,沒吃了
1258.12,1259.12,沒吃了
1264.12,1265.12,而且你都落體水漲
1265.12,1266.12,好好看
1266.12,1268.12,我們真的要小心
1268.12,1270.12,英國的開槍手節克
1273.12,1275.12,我來確認同外面打不打的出來
1275.12,1276.12,成外面打不開
1276.12,1278.12,我們就當時他跑總了
1278.12,1279.12,我還是要來的
1279.12,1280.12,這不需要怕跟你
1280.12,1282.12,我外面還要把他跑
1282.12,1283.12,你沒有有跪嗎
1283.12,1284.12,你從那兩天的外套玩
1284.12,1285.12,我很好吃
1285.12,1286.12,我吃的氣息
1286.12,1287.12,你跟成你
1287.12,1288.12,都沒有氣質
1288.12,1289.12,因為我收拾名字
1289.12,1291.12,他那個收頭
1291.12,1292.12,收頭
1294.12,1295.12,老師我先請問一下
1295.12,1297.12,你們剛剛買好朋友機牌的時候
1297.12,1299.12,他們有問你們要不要喝紅酒
1299.12,1300.12,我白酒嗎
1300.12,1301.12,沒有
1301.12,1302.12,他有珍珠奶茶
1302.12,1303.12,我們就繼續喝酒
1303.12,1305.12,我們都要壓不時路
1305.12,1306.12,請問你
1306.12,1308.12,為什麼就是不躺回自己的房間
1308.12,1309.12,我們五樓
1309.12,1310.12,我問你
1310.12,1311.12,飯來我吃要開始點片
1311.12,1312.12,超沒
1312.12,1313.12,我們都完成
1313.12,1315.12,包裝來
1315.12,1316.12,哇
1316.12,1319.12,這個機湯長好美距離的包裝
1319.12,1320.12,就是你們好飯
1320.12,1321.12,好香飯
1321.12,1322.12,還好把就是一人份
1322.12,1324.12,真的十棒
1324.12,1326.12,我對於我們兩個
1326.12,1327.12,重量分量差那麼多
1327.12,1328.12,可以吃
1328.12,1330.12,吃炒金菜嗎
1330.12,1331.12,好奇怪的包裝
1331.12,1332.12,對
1332.12,1333.12,他整個爛掉了
1333.12,1334.12,好久
1334.12,1336.12,你穿這樣多少
1336.12,1337.12,你吃了應該
1337.12,1338.12,沒有這樣氣息快
1338.12,1339.12,就是因為我這樣
1339.12,1341.12,我吃了沒吃到快下來
1342.12,1343.12,哇
1343.12,1345.12,就是在高多飯
1345.12,1347.12,牛店牛約早飯
1347.12,1349.12,牛肉門是跑在真的已經比皮膚
1349.12,1350.12,超好吃
1350.12,1352.12,不要不
1352.12,1353.12,直接下來牛約的機票
1353.12,1355.12,這邊飛這邊行姐
1355.12,1356.12,要吃個小姐子的人
1356.12,1357.12,比她們飛牛約14歲
1357.12,1358.12,然後快吃個小姐
1358.12,1359.12,但她真的是利利貨名
1359.12,1360.12,可是你這樣一講
1360.12,1361.12,確實她也這麼快
1361.12,1362.12,就會當名
1362.12,1364.12,好像只是把蛋跟飯
1364.12,1365.12,去分開放
1365.12,1367.12,算炒高地菜
1368.12,1371.12,總要們高力下給讓人做送到飯
1371.12,1373.12,對不起的櫻布頂太多
1373.12,1375.12,不用去
1375.12,1376.12,高力下
1376.12,1377.12,還是高力下
1377.12,1379.12,我有畫面好看
1379.12,1380.12,好
1380.12,1381.12,很好
1381.12,1382.12,很好吃
1382.12,1383.12,這個教教還是很好吃
1383.12,1384.12,很香
1384.12,1385.12,很好吃
1385.12,1386.12,好喝
1386.12,1387.12,我覺得外景來
1387.12,1388.12,這個好吃
1388.12,1389.12,這個好吃
1389.12,1390.12,這邊這場還沒拍完
1390.12,1392.12,這邊的場要開始
1392.12,1393.12,拍面地
1393.12,1394.12,這邊的超寶的
1394.12,1395.12,這麼大
1395.12,1396.12,十棒
1396.12,1398.12,我跟你講我是用吃東西在活下來的
1398.12,1399.12,我是為何不知道
1399.12,1400.12,已經要死了
1400.12,1401.12,所以一直不起來
1401.12,1402.12,還不知道看掉杜人
1402.12,1403.12,哇真的很棒
1403.12,1404.12,天啊
1404.12,1405.12,真的她口
1405.12,1406.12,對
1406.12,1407.12,她們很好吃的大口
1407.12,1408.12,不是她口狂
1408.12,1410.12,我現在要讓她口吃
1410.12,1411.12,我真的要繼續減片
1411.12,1413.12,我再搭這禮拜肯看不到影片
1413.12,1414.12,就是
1414.12,1415.12,她不錯很好吃的
1415.12,1416.12,白白
1416.12,1418.12,那邊都當住在位
1420.12,1422.12,我今天最長期長的人
1422.12,1424.12,我剛剛是回去
1424.12,1426.12,因為有人其中的人不要開功了
1429.12,1431.12,黃大天買早餐給我吃
1431.12,1433.12,這邊的人為什麼在下屬
1433.12,1434.12,哇
1434.12,1436.12,我昨天買給大家吃
1436.12,1437.12,謝謝
1437.12,1438.12,我再要去接近
1438.12,1439.12,你不要見我相信
1439.12,1440.12,我再要去接近
1440.12,1441.12,我再要去接近
1441.12,1442.12,我很爽感
1442.12,1443.12,哇
1443.12,1444.12,這什麼
1444.12,1445.12,三百多大油
1445.12,1446.12,第一王的早餐
1446.12,1448.12,這是我們第一次大家一起做的吃飯
1448.12,1449.12,我這次
1449.12,1450.12,我這次
1450.12,1451.12,我維持後
1451.12,1454.12,我們這邊大概10塊錢
1454.12,1455.12,哇
1455.12,1456.12,我剛才要自己做的
1456.12,1457.12,真的要自己做的
1457.12,1460.12,這兩大塊牛排才是很快的
1460.12,1462.12,這歐盟剛好驚人
1462.12,1463.12,原來英國的歐盟剛好不要
1463.12,1464.12,我今天都通不斷
1464.12,1465.12,我今天滿好吃的
1465.12,1466.12,但就是一點乾
1466.12,1467.12,這個真的很難吃
1467.12,1468.12,因為最高位
1468.12,1470.12,我跟英國人很好找到家鄉位
1470.12,1472.12,他說是
1472.12,1474.12,你覺得我小孩
1474.12,1475.12,你覺得我小孩
1475.12,1476.12,因為我小孩很怪
1476.12,1478.12,很不砸
1478.12,1479.12,家捲嗎
1479.12,1480.12,我就是這樣
1480.12,1481.12,我對現在是
1481.12,1482.12,他是英式香
1482.12,1483.12,他就會很有衝擊感
1483.12,1484.12,就他看起來要想吃
1484.12,1485.12,他吃下去
1485.12,1486.12,我聽他
1486.12,1487.12,那你今天真地運動都
1487.12,1489.12,比他比較英國生式
1489.12,1490.12,有沒有有一個
1490.12,1491.12,你覺得他在生氣
1494.12,1495.12,你國王吧
1495.12,1497.12,很便宜
1497.12,1498.12,哇
1498.12,1499.12,倫倫塔橋
1499.12,1500.12,進看漂亮時的
1500.12,1502.12,我們要走進倫燈塔
1502.12,1503.12,真的是摔一摔了
1503.12,1505.12,一定要來看倫燈塔
1505.12,1506.12,而且新球工具
1506.12,1507.12,有沒有看到
1507.12,1508.12,我也可以幫人家去要再打了
1508.12,1509.12,不行
1509.12,1511.12,你自己拉可以拉
1511.12,1512.12,這時候買了魚仔
1512.12,1513.12,他們都不買
1513.12,1514.12,然後現在搶個要帶
1514.12,1515.12,直接點點點
1515.12,1516.12,真的漂亮
1516.12,1517.12,吃了
1517.12,1518.12,好風調
1518.12,1519.12,超級漂亮
1519.12,1520.12,你買了比我還多
1520.12,1521.12,你還在心頭
1521.12,1523.12,比我爸爸拉出來
1523.12,1524.12,歷史要看
1524.12,1525.12,但工作也要做
1525.12,1526.12,我們現在看我的魚仔
1526.12,1527.12,看
1527.12,1528.12,其實很飽
1528.12,1530.12,英國的漢堡都還滿好吃的
1530.12,1531.12,啊 水紅瓜
1533.12,1534.12,沒奶之外
1534.12,1535.12,吃沒喝沒
1536.12,1537.12,餓了
1537.12,1538.12,它很蛋就很好厲害
1538.12,1539.12,好好玩
1539.12,1540.12,好不分喔
1540.12,1541.12,那個蛋
1541.12,1542.12,來英國吃漢堡對不對
1542.12,1543.12,對
1543.12,1544.12,亞洲菜已經餡了
1544.12,1545.12,這一顆要
1545.12,1546.12,吃到漢堡
1546.12,1548.12,英國真的好容易下魚
1548.12,1549.12,沒下魚的英國
1549.12,1551.12,氣用真的很出口的
1551.12,1552.12,最想要遇到一個運動
1552.12,1554.12,起在一起上的營業
1554.12,1556.12,營業看才能夠該工作
1556.12,1557.12,回到現實
1557.12,1558.12,整理檔案的時候看見我
1558.12,1559.12,好好
1560.12,1562.12,想念小猛人
1563.12,1564.12,那個水
1567.12,1568.12,太大整特別
1568.12,1570.12,你為什麼要吃過
1570.12,1571.12,好久沒了
1571.12,1572.12,好久沒了
1572.12,1573.12,它沒辦法吃進去吃
1573.12,1574.12,我
1574.12,1575.12,真是不好
1575.12,1578.12,這才是利利分平的亞洲飯
1582.12,1583.12,這時候第一次生活
1583.12,1584.12,不是第一次生活
1584.12,1585.12,不是第一次生活
1585.12,1586.12,兩個一件事情
1586.12,1588.12,沒有發現這位人是蠢頭血
1588.12,1591.12,因為我剛好是因為他們都沒有在穿頭血
1592.12,1594.12,他們的病毒都是在這邊才壞的
1594.12,1597.12,我真實要不要反靠我們吃
1597.12,1598.12,第一次生活
1598.12,1599.12,你往下加
1601.12,1604.12,你真的專門可能還被我
1604.12,1606.12,英國網路
1606.12,1607.12,真的很難
1607.12,1608.12,這款小工
1608.12,1610.12,這裡不要開開
1617.12,1618.12,好夢
1618.12,1619.12,換著起床那種
1619.12,1621.12,我給我找的病情
1621.12,1623.12,第一次是她的
1623.12,1624.12,你去第一天
1624.12,1625.12,你去第一天
1625.12,1626.12,你去第一天
1626.12,1627.12,對
1627.12,1628.12,I coach
1628.12,1630.12,I looking nice
1630.12,1631.12,她不想我做
1631.12,1632.12,完成三個
1632.12,1633.12,我現在還有
1633.12,1634.12,你自己說
1634.12,1635.12,因為有我在旁邊
1635.12,1636.12,說一會正令
1636.12,1637.12,我知道了
1637.12,1638.12,看起來像小孩
1638.12,1639.12,那個小朋友
1639.12,1640.12,那你跟她有說的
1640.12,1641.12,我幫你很多
1641.12,1642.12,有
1642.12,1644.12,這也是英國西門病人
1644.12,1645.12,做了
1645.12,1646.12,她一攻擊
1647.12,1649.12,我少數看到病人還大了東西
1649.12,1650.12,喜歡嗎
1650.12,1651.12,喜歡
1651.12,1652.12,你還在開飛
1652.12,1653.12,你一定會當到一步
1655.12,1656.12,就是可笑
1656.12,1657.12,你想要做好吃
1657.12,1658.12,對
1658.12,1659.12,真的嗎
1659.12,1660.12,她沒有因為
1660.12,1661.12,睡覺變大
1661.12,1663.12,很紮實或是很硬的
1663.12,1664.12,你沒有在很恐怖
1664.12,1665.12,然後你做可笑
1665.12,1667.12,我覺得她裡面很恐鬆
1667.12,1668.12,可能因為就只是有第二首
1668.12,1669.12,所以我看覺得很好吃
1669.12,1670.12,然後就是你在
1670.12,1672.12,最後一個可笑
1673.12,1674.12,可是上攻節奏
1674.12,1676.12,你知道你有什麼講平嗎
1676.12,1677.12,小小可說
1677.12,1678.12,好
1678.12,1680.12,不會到很難吃
1680.12,1681.12,不會到很好吃
1681.12,1683.12,但是很吃的排角
1683.12,1684.12,因為我個人在問
1684.12,1685.12,我們就不可以排角
1685.12,1686.12,不必往人還要往人
1686.12,1688.12,你甚至直接健身
1688.12,1689.12,又不必不然
1689.12,1690.12,對啊
1690.12,1691.12,我只在美國直接出道
1691.12,1692.12,你真的英國
1696.12,1697.12,我自己看到
1697.12,1699.12,你看這個地方
1699.12,1700.12,英國的一個人
1700.12,1701.12,我家每次都管
1701.12,1702.12,是他們全世界
1702.12,1703.12,最會做周邊的博物館
1703.12,1704.12,你不要想說
1704.12,1705.12,我每次都不可以進去
1705.12,1706.12,我不用花錢
1706.12,1707.12,一定要那個今天
1707.12,1708.12,不一定玩大人
1708.12,1709.12,這個時候都要打分
1709.12,1710.12,那之後進去
1710.12,1711.12,然後洗澡加水澡
1711.12,1712.12,然後卸了
1712.12,1713.12,怎麼每個都很想買
1713.12,1714.12,然後我身材
1714.12,1716.12,都還會這樣過我三十幾歲
1716.12,1717.12,好 也是
1717.12,1718.12,因為我一直想到
1718.12,1719.12,大家會要買這個比氣粉
1719.12,1720.12,你怎麼可能
1720.12,1721.12,然後說
1721.12,1722.12,只會是一定用不到
1722.12,1723.12,每一種單血都去血的
1723.12,1724.12,老舌跟吃
1724.12,1725.12,對啊 我也是要想做這買的
1725.12,1726.12,對啊
1726.12,1728.12,我真的不可思議的
1728.12,1729.12,這個狗
1729.12,1730.12,這不是狗
1730.12,1731.12,這不是狗嗎
1731.12,1732.12,可是她真的很漂亮
1732.12,1734.12,因為現在買樂奢
1734.12,1736.12,她跟屬於有打她跟這個復化
1736.12,1737.12,她在這邊也打
1737.12,1738.12,她在這邊也很打
1738.12,1741.12,我跟我們在全血要我的
1741.12,1743.12,麥哥領的
1743.12,1744.12,麥哥領的
1744.12,1745.12,麥哥領的
1745.12,1746.12,麥哥領的
1746.12,1747.12,麥哥領的會什麼小麥哥
1747.12,1748.12,麥哥
1748.12,1749.12,麥哥
1749.12,1750.12,麥哥領的會吃
1750.12,1752.12,好 這個位置一直想說要不要買
1752.12,1753.12,可是會已經買很多了
1753.12,1754.12,會買比氣粉
1754.12,1756.12,然後我還買的這個
1756.12,1758.12,很美好不好
1758.12,1760.12,你到一個好的對方家
1760.12,1762.12,這很漂亮的好不好
1762.12,1763.12,麥哥領都有氣質
1763.12,1764.12,一百一你家
1764.12,1765.12,這要到一個
1765.12,1766.12,四塊錢而已
1766.12,1767.12,可以吧
1767.12,1768.12,兩百塊錢的家
1768.12,1770.12,真的要有時候
1770.12,1772.12,跟這個地理的很美體耶
1772.12,1773.12,你還不及麥哥
1773.12,1774.12,要搭配啊
1774.12,1775.12,廣訊餐的
1775.12,1776.12,廣訊餐的
1776.12,1777.12,當然要搭配
1777.12,1778.12,那想什麼
1778.12,1779.12,然後還有這個
1779.12,1781.12,叫做這個的確
1781.12,1782.12,是秀的耶
1782.12,1784.12,冰省的這個千名
1784.12,1786.12,家是最值得買
1786.12,1787.12,最值得買
1787.12,1788.12,最值得買
1788.12,1789.12,真的照漂亮的
1789.12,1790.12,我是為了飯軌
1790.12,1792.12,看得就買一個這個花花
1792.12,1793.12,兩個這個花花
1793.12,1794.12,單一個這個花花
1794.12,1796.12,這個這個花花
1796.12,1798.12,那天他們請看這個
1798.12,1800.12,黃色人是這乎補射
1800.12,1801.12,這個真的很漂亮
1801.12,1802.12,這一定要買的
1802.12,1804.12,我們小明微
1804.12,1805.12,Ready
1805.12,1806.12,就夠
1806.12,1808.12,我給你們跟那種很帥
1808.12,1809.12,英國
1810.12,1811.12,幹嘛
1811.12,1813.12,我有一次你出來
1813.12,1815.12,好多人
1818.12,1819.12,好多人
1819.12,1820.12,好多人
1820.12,1821.12,好多人
1821.12,1822.12,好多人
1822.12,1823.12,好多人
1823.12,1824.12,好多人
