0.0,2.56,我們在武俠電影或是武俠小說中
2.56,4.48,經常會有那種武林高手
4.48,8.44,花藏一點的例如張武技、洋過、國進、走普通等人
8.44,10.88,這一些人可以飛演走必須到場不入
10.88,12.36,違反有敦力學
12.36,13.88,一張打爆上千人
13.88,15.48,普通一點的如夜問
15.48,16.6,雖然不會飛
16.6,18.64,不過可以一個人打十幾個人
18.64,20.6,簡單點這個叫做功夫
20.6,22.76,那功夫真的存在過嗎?
22.76,24.64,中國功夫跟西洋存法
24.64,26.12,為什麼差一這麼大呢?
26.76,27.8,第一個問題
27.8,29.6,古代真的有武林高手嗎?
29.6,31.64,我們先從歷史角度來看
31.64,34.2,中國歷史上打過大大的小小戰異
34.2,36.4,不過史書上對於戰爭的描述
36.4,39.400000000000006,幾乎沒有記者來向世章武技术類的武林高手
39.400000000000006,42.08,都是很平魔直觸的描寫戰爭結果
42.08,44.96,如被羅冠中範圍七個章會寫的吃必之戰
44.96,47.52,在三國字仙主專中是這樣寫的
47.52,49.84,全線周遇成破等水準數萬
49.84,51.08,與仙主病例
51.08,54.68000000000001,與超工戰與四避大破之分析周傳
54.68000000000001,57.400000000000006,仙主與無君水路病徑追到男郡
57.400000000000006,59.36,十六級億北軍多死
59.36,60.64,超工隱規
60.64,63.36,簡單解決就把吃必之戰交代完畢
63.36,65.68,過程中沒有戰爭的打鬥場面
65.68,68.4,根本沒有關於張飛大開殺戒的描述
68.4,70.88,沒有的原因主要是中國古代的軍隊
70.88,73.28,將求戰行戰法與人海戰術
73.28,75.36,不像西方追求單邊對決
75.36,76.88,所以單邊影響不大
76.88,78.72,武功制然拍不上用場
78.72,81.2,拍不上用場制還沒有練得必要
81.2,83.6,而史書上比較接近功夫的記者
83.6,85.84,是能超戰神聖武地留律
85.84,86.8,根據記者
86.8,88.8,留律算令即時能去爭查
88.8,90.56,卻遇上了上千名敵軍
90.56,92.32,雖然不下大多戰死
92.32,94.47999999999999,不過留律拿起長刀開起武裝
94.47999999999999,95.84,撒退人上千人
95.84,98.08,雖然中國史書特色就是誇張
98.08,100.64,但一個人撒退上千人就算是虎車好了
100.64,103.6,不過一個人撒退個餐時人應該是miss問題的
103.6,106.24,這一個大概就真實的武林高手吧
106.24,107.92,所以不需要飛眼走必
107.92,109.52,只要可以以一打石
109.52,111.75999999999999,你在古代就可以成為武林高手
111.75999999999999,112.88,比如像魚
112.88,115.2,實際的記者他可以一個人撒數百人
115.2,117.92,不過這就是武器撒說裡面的所有的功夫嗎?
118.56,120.96000000000001,中國有支古畫叫做成文復
120.96000000000001,122.4,成文人就是讀書
122.4,123.92,有千人就去練武
123.92,125.84,因為練武跟今天的戰神一樣
125.84,128.72,你除了要請教練還要吃肉補充蛋白質
128.72,130.4,如果沒有請吃肉倒是一樣
130.4,131.84,或兩個古充如裁
131.84,133.44,人家一拳就倒了
133.44,135.04,還是鬼觀念書吧
135.04,137.68,所以古代武將不可能像今天的三妹國安
137.68,139.52,有大雙魚留快復機
139.52,141.28,我們從古畫中都會看出
141.28,143.04,武將上四本魚月飛
143.04,144.72,全部停著一個大度子
144.72,146.72,連魚運的修典碰了
146.72,148.48,而其他人不要說一樣的
148.48,150.4,在亂時代人吃都吃不飽的
150.4,151.84,有的吃就不錯了
151.84,153.44,軍隊大多是地皮流氓
153.44,154.56,我們所註成
154.56,156.32,裝備很差不僅訓練
156.32,158.32,從軍只視為了混口飯吃
158.32,160.07999999999998,打起仗了有氣無力
160.07999999999998,161.76,這一個俗稱炸魚
161.76,163.44,反關那些碰至五醬
163.44,164.96,每次就討厭身房
164.96,166.72,大家口吃肉不充一樣
166.72,167.84,就讓白白胖胖
167.84,169.28,但激肉可接著使得
169.28,170.96,力氣大、敏節度高
170.96,172.64,加3武器的三湯力
172.64,174.56,回想的防禦率都是一流的
174.56,177.04,一個人大四級個炸魚是有可能的
177.04,179.52,雙次地王時代的勤入位挑動武士
179.52,182.32,一隻爆打實質天然時代敏冰都可以
182.32,184.32,因此古代武功高強之人
184.32,186.24,不是說真的無力只有多高
186.24,189.04,有次建立在對手都是炸魚的情況下
189.04,191.68,如果今天如果想像這種生態的旗流棒子
191.68,193.04,防禦率也回到古代
193.04,195.52,靠著他的機構品與格鬥技巧
195.52,197.36,那麼他就是武林高手
197.36,199.44,所以戰場上他可以多愛兩刀
199.44,201.12,可以多砍幾個人
201.12,203.04,接著我們討論的另一個問題
203.04,205.84,中國全法力還是西洋全法力害
205.84,207.84,格鬥士人類的勝存本能
207.84,210.0,也是古人解決問題的方式
210.0,212.48,因此格鬥魚人類的歷史一樣漫長
212.48,213.84,不管還是中西方
213.84,215.92,很早就有關於格鬥技陸
215.92,217.84,我們現在談談中國武術
217.84,219.44,中國武術通常有宗教
219.44,220.95999999999998,東方神秘主義結合
220.95999999999998,222.64,將窮內功內地
222.64,225.35999999999999,具體上像是格餐打扭42波千金
225.35999999999999,226.48,以流課剛
226.48,228.64,各種違反流隊的歷史而消失
228.64,230.88,流隊的看法的發展會活過來
230.88,232.88,不過一代念成了這種武功
232.88,234.96,老頭眼能幹範二十個狀漢
234.96,236.96,中國公佈是越老越能大
236.96,238.56,看起來越辱越強
238.56,240.72,一復世外高人先放到骨
240.72,242.64,而卻這種武術不難能大
242.64,243.92,重點還很好看
243.92,245.44,具有藝術的性質
245.44,247.68,可以表演各種觀察度動作
247.68,250.07999999999998,副家價值除了養生常受外
250.07999999999998,251.12,還能製病
251.12,253.2,各種絕正學一下這種懸罰
253.2,254.8,不久變不要而愈
254.8,256.56,不過就出少實戰
256.56,258.56,中國公佈不能大只能看
258.56,259.84,就是這種表演
259.84,261.6,例如電影也問四尼麵
261.6,263.6,美國唐人接著的中秋晚會
263.6,264.96000000000004,除了武龍武斯外
264.96000000000004,267.20000000000005,還有無關的學員不要遠中國武術
267.20000000000005,268.88,這一種表演就像是舞蹈
268.88,270.8,每個人動作整齊化醫
270.8,272.56,滾上起來也想行越目
272.56,275.04,後來美軍的空所到教練也難道我常
275.04,276.56,打爆了各大師父
276.56,278.72,其中一位女師父我撐起來教小
278.72,280.08000000000004,以真事的經濟規則
280.08000000000004,281.68,或是人情一理來說
281.68,283.68,怎麼可能讓不同亮階人比物
283.68,285.84000000000003,何況是教小的女生打狀漢
285.84000000000003,287.68,但中國公佈就是那麼神
287.68,288.88,可以以柔課剛
288.88,290.56,不過因為劇情的需要
290.56,291.76,洪屬老教練還是得有
291.76,292.88,業務收時
292.88,293.92,劇情的最後
293.92,296.8,因為也是打爆了比他大以後的美軍事觀賬
296.8,299.04,當然這都有點靠看就好
299.04,300.56,第一裏面的全程道弱
300.56,301.84,爬爬爬的銀小生
301.84,303.44,然後也是電影後製時
303.44,305.2,也有專業的靈時配的
305.2,307.92,優惠是則輸菜超大牛弱配出來的
314.64,316.32,因為中國是敵直邦
316.32,318.24,從送代開始中文輕物
318.24,319.6,理念物不讀書
319.6,320.64,就用這同樣簡單
320.64,322.0,四十八大棒子
322.0,323.2,所以練物一定要搭配
323.2,324.88,營養武行和八刮金賣
324.88,326.32,這樣則顯得高上
326.32,328.48,讓練物提升到則學境界
328.48,331.12,而公佛配上這種虛物嘴炮的東西
331.12,333.12,自然變無法正常發展
333.12,335.68,現在很多太級全大食喜歡催居
335.68,338.08,說太級全的一舉與動物都佛天道
338.08,339.92,不過其實太級全的理論
339.92,341.76,恰恰是違反人類本人
341.76,343.52,在善止中根本做不到
343.52,345.68,如實戰終於到敵人一全打過來
345.68,347.28000000000003,本人一定是用手去打馬
347.28,348.71999999999997,這個小孩子都做得到
348.71999999999997,350.71999999999997,即使是各種技術瘋狂分敏
350.71999999999997,352.4,激肉僅冒準備打架
352.4,355.35999999999996,絕對沒有人可以做到雙層圓或行合一
355.35999999999996,357.2,一副老神在在樣子
357.2,358.55999999999995,人家一全打過來
358.55999999999995,360.64,偏偏太級全要去結化發
360.64,362.64,簡單說就接觸對手的進攻
362.64,363.76,然後化解
363.76,365.44,最後再發力進攻對方
365.44,367.28,這些甚至中都不可能
367.91999999999996,369.35999999999996,而西洋功夫呢
369.35999999999996,370.71999999999997,中西方的格鬥技巧
370.71999999999997,372.32,造理書原本差一不大
372.32,374.08,不過西方有絕對有傳統
374.08,376.47999999999996,加上後來的文衣復興科學革命
376.48,378.64000000000004,兩者差距就越來越大
378.64000000000004,380.08000000000004,現在才能絕鬥
380.08000000000004,382.16,西方人認為容易大於切
382.16,384.16,如果說到五路抓進行絕鬥
384.16,386.56,如果對方的敏人受入也不願意絕鬥
386.56,388.08000000000004,能不能就會被人看不起
388.08000000000004,389.84000000000003,無法再射尾上生存
389.84000000000003,391.68,這跟中國強調人不同
391.68,393.6,彈性可以忍受誇下之入
393.6,396.16,要是西方人早就幹犯他寫八家久了
396.16,397.44,中國是記憶來
397.44,400.0,歐洲受上留社會其實是能影響
400.0,401.92,絕鬥風氣非常慎心
401.92,404.08000000000004,已經到了一言不合就開篇的地步
404.08000000000004,406.40000000000003,這一種行為甚至被官方所允許
406.64,409.44,這些難以決定誰對誰做的司法恩政中
409.44,411.28,也會用絕鬥來絕天勝負
411.28,412.32,根據統計
412.32,414.4,1685到1116年之間
414.4,416.47999999999996,法國軍官進行的一萬場絕鬥
416.47999999999996,418.4,造成了400多人死亡
418.4,421.03999999999996,因此格鬥在西方社會真的需要的
421.03999999999996,422.47999999999996,這大量的實戰下
422.47999999999996,424.56,當然就比較能打
424.56,425.52,反右實施事記憶目
425.52,426.79999999999995,我開始玩一附心
426.79999999999995,428.23999999999995,接著是科學革命
428.23999999999995,429.44,一株家語科學家們
429.44,431.44,上紀人就有人體解科學
431.44,433.2,位置的一系列的解科徒
433.2,434.79999999999995,發表了相關的論文
434.8,436.48,打問西舊市長朝者
436.48,438.64,其實格鬥就是一門人的科學
438.64,440.32,不只要了解人的身體
440.32,442.32,還要從心理循法期對方
442.32,444.72,除了說資比自己百戰不代
444.72,446.0,從那個手開始
446.0,448.24,西洋格鬥病有了藏主的進步
448.24,449.76,直到如何出唇有力
449.76,450.96000000000004,哪個角度最好
450.96000000000004,452.72,哪個要快是人體的落點
452.72,455.28000000000003,西洋全法不講著學道理不嘴炮
455.28000000000003,457.68,羅斯花大量實際上去實戰練習
457.68,458.88,還有研究人體
458.88,460.24,去點力量爆發力
460.24,461.84000000000003,民間與抗黨能力
461.84000000000003,463.52,例如惡漫情達樹
463.52,465.91999999999996,原自於中世紀晚期到文移附心
465.91999999999996,468.56,斯日爾曼地缺一種圖所可鬥的房身數
468.56,470.56,位於中歐的神經的馬帝國
470.56,472.08,至古則是世戰之地
472.08,473.35999999999996,平凡熱戰爭下
473.35999999999996,474.96,畢業有一些格鬥機產生
474.96,477.28,日爾曼清台是在戰爭使用
477.28,478.56,優惠生死的
478.56,480.64,因此不會有花里胡燒焦式
480.64,482.56,只有使用的格鬥技巧
482.56,483.91999999999996,而同時企業中國
483.91999999999996,485.2,人體流戰很原始的
485.2,486.08,成就同人
486.08,487.76,將修碩到有監督
487.76,489.2,因此比較下來
489.2,491.68,一個人虛誤漂亮看不見了內功內地
491.68,494.0,你一個則是看得到的全權道路
494.0,495.44,一起放在雷台上
495.44,497.68,深呼就很明顯了
497.68,500.32,而我們會有中國武術天下無敵的錯覺
500.32,503.04,一部分原因是因為經用武柴小說的訓然
503.04,505.44,把荒彈不及沒有科學根據的決計
505.44,508.16,如內功輕功點學性為針
508.16,509.92,你依方面是武柴電影
509.92,511.28000000000003,黃飛翰里想王葉問
511.28000000000003,512.16,陳真人的作品
512.16,513.44,深呼人心
513.44,515.92,因為溫康的永全全打包人英國全望
515.92,517.36,實際上葉問會員家
517.36,519.28,從來沒有跟什麼全往交所過
519.28,522.0,你一生永遠沒有成家過我真是的格鬥比賽
522.0,524.64,陳真的是你狂比下的虛構人物
524.64,525.76,這一點引中
525.76,528.16,因為溫康的挑戰的量級比他高的對手
528.16,531.1999999999999,相信英國全往美國四官長與全往太深
531.1999999999999,532.3199999999999,但在限定中
532.3199999999999,534.64,太深一存就可以直接把英文打飛
534.64,536.0,而已因為有量級
536.0,537.04,不管怎麼打
537.04,538.8,太深肯都不為所動
538.8,540.24,真正的武術高手
540.24,542.48,都是職業化經過專業訓練
542.48,543.92,因為他有格鬥為深
543.92,546.3199999999999,所以導入科學系統的訓練方式
546.3199999999999,548.64,有專屬的教練一項師傅住
548.64,550.72,在通過大量的實戰而練成的
550.72,553.68,身附品界是力量速度技術經驗
553.68,556.08,如果上中往公富靠著獨家密船
556.08,557.84,真自靠者學方法對用物
557.84,560.0,侮辱你細節間變成該式高手
560.0,562.4,那都是小說或是電影的劇情
562.4,564.4,其實現在不少年現在教練
564.4,566.56,這對於全衷武術與實戰的結合
566.56,568.56,如果部分人巴吉全永全全
568.56,569.92,是真的可以打
569.92,572.72,這一種實戰全物不像電影裡面那麼好看
572.72,575.12,甚至你會說這個不是永全全
575.12,576.64,跟葉問打的不一樣
576.64,579.36,那是因為人家不講套路長頭實戰
579.36,581.6,實戰就不虛弱和其他武術技巧
581.6,583.1999999999999,不妖之作為甚麼門派
583.1999999999999,585.4399999999999,並敢與挑戰各大AA比賽
585.4399999999999,587.12,像我同樣是永全全
587.12,588.88,只會對泡的永全全人
588.88,590.4,被管長抽到不行
590.4,591.52,但另一方面
591.52,594.24,觀眾又可以實戰派的其他拉高度戰場
594.24,595.76,或許在清朝一前
595.76,597.36,傳統武術真的能打
597.36,598.64,畢竟前面說過了
598.64,599.92,一個吃肉練舞的
599.92,602.24,你能反應力決定比阿貓國力害
602.24,604.3199999999999,問題就是傳武過於孤不自風
604.3199999999999,606.0,喜歡裝神弄鬼長招
606.0,607.6,沒有創新的招式
607.6,608.96,卻又一帶一帶來長
608.96,610.32,導致現在傳統武術
610.32,611.2,虎爛的多
611.2,612.64,真正有本事人的笑
612.64,614.0,過去只順不發達
614.0,615.6,傳武師不總是喜歡缺區
615.6,616.88,傳武有多強
616.88,618.4,現在只順發達了
618.4,619.84,遇到AA的挑戰
619.84,622.16,又該夠稱中國功夫長抽舞的
622.16,623.76,人家問一著打B
623.76,625.92,導致傳武缺法是戰功能
625.92,628.48,變成廣場大碼活等級
628.48,629.92,反觀傳統受中國武術
629.92,630.72,影響的空所到
630.72,631.92,他全盜與柔道
631.92,633.28,不但可以實戰
633.28,635.28,觀上起來是場景怨目
635.28,637.28,因此非常刷歡迎
637.28,639.28,空手到起源於流球王國
639.28,640.4,綿草時期
640.4,642.24,流球與中國往來密切
642.24,644.24,流球在自己的傳統武術上
644.24,646.56,加入了許多中國武術的交事
646.56,648.0,在182裡面左右
648.0,649.8399999999999,把這一種武術成為唐手
649.8399999999999,651.4399999999999,唐的訊號叫做卡拉
651.4399999999999,653.4399999999999,日本人未來讓流球出中國化
653.4399999999999,656.0799999999999,把唐幻成的同樣發音為卡拉空
656.0799999999999,657.4399999999999,所以變成了空手
657.4399999999999,658.64,叫做卡拉Tai
658.64,660.88,也可以表示空手到不容待武器
660.88,663.4399999999999,卻空似佛家的最高經濟
663.4399999999999,665.12,不過因為有戰的戰敗
665.12,667.52,容日本社會加注的傳盤吸化
667.52,669.68,代表日本傳統武術的空手道
669.68,671.12,成為了重視之地
671.12,672.88,從氣邊融化訓練
672.88,674.96,使得空手到變成的重視型
674.96,676.24,禮與套路
676.24,678.0,而實戰和空機性不足
678.0,679.52,缺法令和潛待半
679.52,681.52,當然也就不能放生
681.52,682.88,這一就無理年代
682.88,684.64,空手到面對太全自由勃及
684.64,686.0,是不堪一集
686.0,688.5600000000001,就在日本空手到這一片愛好奇跡
688.5600000000001,690.88,到三倍打創意了幾層空手道
690.88,693.12,吸收了太全自由勃擊的精華
693.12,694.88,以實戰為唯一的目的
694.88,696.96,把一些好看三部人實戰的交視
696.96,698.0,全部廢除
698.0,699.84,採取全打擊制的規則
699.84,702.08,允許直接打擊對方的身體
702.08,703.6,國際日本的空手道
703.6,704.88,這對打比賽中
704.88,706.48,通常是點到維字
706.48,708.72,不過對手做出直接攻擊
708.72,710.48,到三個集戰空手道
710.48,712.88,卻是展現了空手道的禮害支出
712.88,715.2,空手道從氣獄火從生
715.2,716.4,1964年
716.4,718.16,泰國泰全人向全日本空手道
718.16,719.36,這些發出挑戰
719.36,721.44,說泰全人是最強的武術
721.44,723.2,有了上次的產敗經驗
723.2,725.0400000000001,當時日本的空手道大師
725.0400000000001,727.0400000000001,都以不與邪道交手為由
727.0400000000001,728.24,拒絕參賽
728.24,730.96,結果只有大三倍打於地質感前往挑戰
730.96,733.12,最後獲得了三成二百的成績
733.12,735.0400000000001,打破日本傳統武術無法戰勝
735.0400000000001,736.24,太全的恐懼
736.24,738.48,也從事的日本民主自信心
739.5200000000001,742.0,現在空手道在全世界都非常受歡迎
742.0,744.48,是各種國際運動會的真實項目
744.48,746.4000000000001,和卻從東京要運的空手道的獎牌棒
746.4000000000001,747.36,可以看出
747.36,748.48,多拍了選手來自
748.48,749.5200000000001,市民8方
749.5200000000001,751.84,有法國一大令於1-5克難等
751.84,754.64,這表示空手道是普及於全世界
754.64,757.12,空手道太全道與柔道等武術項目
757.12,759.2,也是台灣在歐運躲牌的重點
759.2,761.52,如中畫面國史上的一面金牌
761.52,763.52,是1988年的漢城好運
763.52,765.2800000000001,成一樣以15歲之之
765.2800000000001,767.6800000000001,在台全道項目擊敗韓國旋獸
767.6800000000001,769.2,4年後的發賽龍拿奧運
769.2,770.24,再是奪金
770.24,771.76,服務由於是四範比賽
771.76,773.36,因此不列入獎牌棒
773.36,774.72,但在2014年
774.72,776.48,台全道變成了正式項目
776.48,778.72,城市市與珠木聯說通多下金牌
778.72,780.32,在去年的東京好運
780.32,782.5600000000001,台灣的樓道太全道與空手道
782.5600000000001,784.32,也都拿下不出了成績
784.32,785.7600000000001,樓道好受有養用位
785.7600000000001,786.72,台全道耍天心
786.72,788.1600000000001,國家領為國政光
788.1600000000001,789.5200000000001,奪下兩面獎牌
789.5200000000001,790.96,文字月報為奧運時上
790.96,792.4000000000001,從面空手道同牌
792.4000000000001,794.6400000000001,拿上一項不同的好成績
794.6400000000001,796.0,其實不只是奧運
796.0,797.5200000000001,大家不知道有沒有感覺到
797.5200000000001,799.9200000000001,最近幾年台灣體於代表對的國際成績
799.9200000000001,801.6800000000001,有非常明顯的進步
801.6800000000001,803.2,其中一個原因就是國家的運動
803.2,804.24,發展基金
804.24,806.0,黃金計畫、基效展線
806.0,807.6,有主要的金費來源
807.6,810.0,就是在這大家所購買的運動才卷
810.0,812.16,因為大家每個買100元的運動才卷
812.16,814.96,就會有十元一住到交易部的運動發展基金
814.96,816.0,住了正心體育
816.0,818.08,發覺培訓與照顧運動的才利用
818.08,820.08,台灣體育順手走樓是精英化制度
820.08,821.28,也就有體育班
821.28,823.28,而許多成員來自於若是家庭
823.28,825.36,因為體育班吃得寶又有地方住
825.36,826.64,而體育班的學生
826.64,828.24,大部分的時間都來練球
828.24,829.92,念速的時間自然比較少
829.92,831.52,但用不論保證他們未來
831.52,833.04,一定能當直接選手
833.04,835.04,因此國家的幫助就很重要了
835.04,836.56,第一個建議運才來把年來
836.56,838.48,雷基一住超過300億元
838.48,841.44,全售了國家造故自然無後悟之憂
841.44,843.52,可以在國際戰場上發光發熱
843.52,845.52,像是2001親戀的台北施大運
845.52,847.28,在麥奪下2600034云
847.28,848.8000000000001,三種同的猶豫成績
848.8000000000001,850.5600000000001,隔天在亞加大巨广亞運
850.5600000000001,852.16,拿下了六千元獎牌
852.16,853.9200000000001,2002年的同金高運
853.9200000000001,855.44,兩金4億六同
855.44,857.6,更是史上最加成績
857.6,859.2,這些又收運動員的背後
859.2,861.44,都是來自於大家所購買運才
861.44,863.52,買運才住鐵育正光才
863.52,866.4,每張運才都一住10%自國家運動的發展基金
866.4,868.32,在買運才看每菜的同時
868.32,870.32,也默默的幫助到這些選手
870.32,872.1600000000001,幫助他們的地朝加機
872.1600000000001,873.36,是不是很棒呢
