0.0,4.0,有人說 早餐要吃的月風生月
4.0,6.8,才能什麼開啟一天的能量開關
6.8,9.8,就像的觀念
9.8,13.44,害你們直接肥成一條魂鎖均
16.080000000000002,17.68,掉到好 我是七老大
17.68,20.240000000000002,到底早餐要怎麼樣吃
20.240000000000002,23.12,才能夠又健康 又有活力
23.12,25.92,同時又要能夠受成一到三店
25.92,28.72,看完這集 還讓七老大告訴你們
28.72,31.119999999999997,月吃月獸的 sensitivity早餐食物
31.119999999999997,34.48,以及健肥早餐的六個祕訣
34.48,37.12,不夠抗的人 你不要學
37.12,40.32,我怕你是受到酷子直接掉在地板上
40.32,41.96,露出來 關娘娘娘娘娘
41.96,43.48,有時候都很熟了
44.48,46.480000000000004,幹什麼東西 亂七八八
46.480000000000004,50.620000000000005,來 健肥早餐之一 叫做蛋一羊
50.620000000000005,51.36,對…
51.36,52.599999999999994,七蛋他真的是
52.599999999999994,55.16,健肥 早餐最重要的一個東西
55.16,56.96,你看能夠講說是肥框
56.96,58.56,蛋老大其實告訴你們
58.56,62.0,一顆蛋他不僅僅有七顆的蛋白石
62.0,64.8,還有九種必須的安機算
64.8,65.96000000000001,而且
65.96000000000001,69.68,他分之九十一項是可以被人體吸收利用的
69.68,71.48,所以他便宜啊
71.48,72.48,方便啊
72.48,74.68,一看而且還有爆足感
74.68,76.2,不管是水煮蛋
76.2,77.96000000000001,炸夜蛋 溫泉蛋
77.96000000000001,79.32,還通通耶 三
79.32,82.72,因為反正就是蛋一羊
82.72,84.4,我先吃吃不要講這一點
84.4,87.0,再來簡單早餐之二叫做優格
87.0,89.04,他不僅有蛋白石
89.04,90.88000000000001,還有滿滿的藝生菌
90.88000000000001,93.4,他為什麼建議是早餐的時候吃的
93.4,96.4,因為他可以去加速煮動
96.4,98.0,什麼東西到了
98.0,99.4,好香
99.4,99.80000000000001,好香喔
99.80000000000001,100.60000000000001,這有人在吃東西
100.60000000000001,101.80000000000001,不管反正
101.80000000000001,104.4,他是可以加速我們長到的煮
104.4,106.68,所以進而去處境你排除
106.68,109.2,那個你隔夜的素變和飛舞
109.2,111.4,所以早餐吃是不是很重要
111.4,113.80000000000001,可以讓每一天升起
113.80000000000001,115.2,都非常的輕盈
115.2,117.24000000000001,而且要這樣大骨存的效果
117.24000000000001,118.80000000000001,也是早上最好
118.80000000000001,121.4,再來減肥早餐之三
121.4,123.28,金絕雪紅後
123.28,124.28,巴納納
124.28,125.4,那這樣
125.4,127.0,還有天然的果交
127.0,128.20000000000002,他有這個抗類
128.20000000000002,129.8,以及善實的行為
129.8,132.20000000000002,他是可以進行一些消水走
132.20000000000002,133.20000000000002,這個潤湊
133.20000000000002,134.8,排變的一些功能
134.8,137.4,還是這個低身糖的食物
137.4,138.4,來重點來囉
138.4,140.0,香蕉要怎麼跳
140.0,141.0,大哥比較好
141.6,142.8,也不是這樣說
142.8,145.2,就是最重要才是要數
145.2,147.0,或者是說吃起來的感覺
147.0,148.2,來 我告訴你們
148.2,150.4,黃香蕉當然比較甜比較好吃
150.4,150.8,對不對
150.8,152.0,但不香蕉
152.0,153.6,他的善實行為比較高
153.6,154.6,可以穩定血糖
154.6,156.8,同時可以取到這個煎肥
156.8,157.6,然後再來
157.6,159.4,熟的半點
159.4,160.6,可以香蕉
160.6,162.2,那個是有抗腦
162.2,164.8,免疫的功能更加的厲害
164.8,165.5,再來
165.5,168.4,第四個煎肥早餐叫七壓子
168.4,171.6,他每100克有40克左右的三十四千萬
171.6,173.6,而且他的指方還是好指方
173.6,175.70000000000002,再加上這個十七克的
175.70000000000002,177.20000000000002,好食物蛋白質
177.20000000000002,177.9,我告訴你們
177.9,179.1,出一點點
179.1,180.1,你那個爆到
180.1,181.3,你不要不要的
181.3,182.8,其壓子去選擇
182.8,184.8,加上豆漿以及烏糖的油格
184.8,186.20000000000002,那跟真的是什麼
186.20000000000002,188.6,小魔好到入天一
188.6,189.3,再來啊
189.3,190.3,第五個
190.3,191.3,煎麥
191.3,192.20000000000002,是煎
192.20000000000002,193.4,好像到時候
193.4,194.3,看到他們
194.3,195.8,煎麥它是
195.8,197.0,滴熱量
197.0,198.4,到保不敢
198.4,199.9,好感泛排變
199.9,200.4,風聲準
200.4,201.7,一定的點它
201.7,202.7,沒有他們今天的懂
202.7,203.8,那跟超通的
203.8,204.8,而且我告訴你
204.8,207.2,因為12頭上面有的不是煎
207.2,208.7,它跟另外一個
208.7,209.3,對不對
209.3,210.5,它也一樣那個神經
210.5,212.7,很多只要稍微有一點點吃
212.7,214.0,其實它非常痛
214.0,215.0,在講到哪
215.0,216.0,那煎麥是不是
216.0,218.5,煎麥降低蛋顧存的功能
218.5,221.1,它是非常非常的厚
221.1,223.2,而且它是一種好的煉粉
223.2,224.7,你去把它用來去
224.7,225.6,帶一些
225.6,226.5,跟麵包啊
226.5,228.5,同時這種煎制店粉的話
228.5,230.5,你就會跟手更年輕
230.5,231.5,然後而且
231.5,232.89999999999998,煙麥它是平性
232.89999999999998,234.89999999999998,或微微一點點良的
234.89999999999998,236.89999999999998,它不會像很多的身材
236.89999999999998,238.1,輸我一樣
238.1,239.2,你吃太多啊
239.2,240.2,你的身體箭子
240.2,241.29999999999998,就被這個
241.29999999999998,242.5,兵學起源的
242.5,243.7,LSA太得長
243.7,244.7,再來第六個
244.7,245.89999999999998,煎肥的早餐
245.89999999999998,246.89999999999998,當然是
246.89999999999998,247.89999999999998,這個鋼蜜
247.89999999999998,249.7,早餐來一杯黑咖啡
249.7,250.89999999999998,它是可以增加
250.89999999999998,251.7,一整天的
251.7,253.7,形成帶血三到五八
253.7,255.1,那真的很厲害
255.1,257.9,它可以出進吃房的氧化燃燒
257.9,259.9,而且要適度的咖啡
259.9,262.2,它抗腦修護的功能
262.2,263.4,也死亡還好的
263.4,264.4,不要不要等
264.4,265.4,但記得啊
265.4,267.7,這咖啡就是不要加它
267.7,269.2,那天然球
269.2,270.7,再來第七個
270.7,272.2,我們的煎肥早餐
272.2,274.7,還當然就是這個底瓜
274.7,276.2,底瓜有加
276.2,277.0,有美啊
277.0,278.2,消水中
278.2,279.7,還有這個豐富的這個
279.7,280.7,善實先為
280.7,281.7,可以刺激
281.7,283.2,我們倉到的暮動
283.2,286.2,處境帶血幫身體去拍毒
286.2,287.2,而且大家就以後
287.2,290.2,地瓜一定要冰過之後再吃
290.2,290.7,為什麼
290.7,292.2,因為冰過之後再吃
292.2,294.2,它就變成一條冰的魚
294.2,295.2,對
295.2,295.7,沒錯
295.7,296.2,沒有
296.2,296.7,不是啊
296.7,299.2,同時它是一個抗性的電粉
299.2,300.2,因為為什麼
300.2,302.2,這樣社群你熱量會
302.2,303.2,燒一半以上
303.2,305.7,而且血糖會更加的溫定
305.7,307.2,所以要七種的
307.2,308.2,煎肥15W
308.2,309.2,交給你們
309.2,310.7,從明天開始
310.7,312.2,你不要再給我吃什麼
312.2,313.2,按跑啊
313.2,314.2,這個配這個大冰奶
314.2,316.2,這個蘿蔔糕啊
316.2,318.2,再讓你給這個口渴啊
318.2,319.2,那邊是這樣
319.2,320.2,可以嗎
320.2,321.2,你只要這個一個禮拜
321.2,323.2,蓋吃這幾種食物
323.2,325.2,而且你是群職有搭的
325.2,326.2,我告訴你
326.2,327.2,你沒送
327.2,329.2,小黑跟你是群肉
329.2,330.2,對
330.2,331.2,帶一定有人說
331.2,332.2,老大
332.2,334.2,我上班都快來不及了
334.2,335.2,只能吃歪食
335.2,336.2,怎麼辦
336.2,337.2,老大加碼
337.2,338.2,帶你六個
338.2,339.2,剪飛的原則
339.2,341.2,一樣就是讓你能夠
341.2,342.2,吃早餐
342.2,343.2,又難受
343.2,345.2,來剪飛早餐的Tip1
345.2,346.2,好不好
346.2,347.2,你們去早餐店的時候
347.2,349.2,記得要三個原則
349.2,350.2,燒油燒湯
350.2,351.2,燒金質店粉
351.2,353.2,他同時你要去選擇
353.2,355.2,就是老闆娘
355.2,356.2,吃上漲貓的
356.2,357.2,那得做早餐吃
357.2,358.2,這對好吃
358.2,359.2,真的
359.2,361.2,因為他火火有到
361.2,363.2,他育定是上會漲貓
363.2,364.2,是
364.2,365.2,是群哪一些東西
365.2,366.2,你不要吃
366.2,367.2,油條啦
367.2,368.2,從油餅飯餐
368.2,369.2,小龍包
369.2,370.2,屬餅
370.2,371.2,煎餅
371.2,372.2,可送
372.2,373.2,後面
373.2,374.2,加大雞腿
374.2,375.2,全部都是低的
375.2,376.2,我告訴你
376.2,377.2,你第一大早吃
377.2,379.2,熱量超高的食物
379.2,381.2,你光要處理這些食物
381.2,382.2,你身體就會小好掉
382.2,384.2,非常大量的能量
384.2,386.2,不光是會胖成一條海香
386.2,388.2,太會讓你上班
388.2,389.2,沒有遠期
389.2,390.2,沒有精神
390.2,391.2,剪飛早餐
391.2,392.2,要吃那些蛋餅
392.2,393.2,三名食尚
393.2,394.2,其實是可以的
394.2,395.2,只要你不加
395.2,396.2,一些美奶吃
396.2,398.2,不要加一些醬
398.2,399.2,它就可以
399.2,400.2,配料上面
400.2,401.2,你可以去選一些什麼
401.2,402.2,豬米雞
402.2,403.2,去食啊
403.2,404.2,餘身菜
404.2,405.2,蛋啊
405.2,406.2,雞肉等等
406.2,408.2,它熱量不會真的到太高
408.2,409.2,中式的早餐
409.2,410.2,你就選什麼
410.2,411.2,穿麥的滿頭啊
411.2,412.2,去加一個蛋
412.2,413.2,加點身菜
413.2,414.2,這個燒餅
414.2,416.2,去搭配無糖的豆漿
416.2,417.2,所以燃大蛋白質
417.2,418.2,含量
418.2,419.2,味道真的到很高
419.2,421.2,但是你三四天去吃一次
421.2,423.2,還是OK的
423.2,425.2,再來剪飛早餐的一個
425.2,426.2,TIPER 2
426.2,427.2,起床的時候
427.2,428.2,我們要先喝一杯
428.2,430.2,湖白CC的溫乾水
430.2,431.2,這個很重要
431.2,432.2,因為它可以起動
432.2,434.2,很帶去的開關
434.2,436.2,也補充晚上牛食的水分
436.2,438.2,還能夠增加一些包朱桿
438.2,440.2,避免的這個早餐
440.2,442.2,這個暴食一頓
442.2,443.2,黃喝水
443.2,444.2,這個小動作
444.2,446.2,只要你做到一定會收
446.2,447.2,再來
447.2,449.2,剪飛早餐的TIPER 3
449.2,450.2,不完怎麼吃
450.2,452.2,反正我們早餐的熱量
452.2,453.2,就是要控制在四百大卡
453.2,454.2,以內
454.2,455.2,你想要受
455.2,458.2,其實真的是除了食物的選擇之外
458.2,460.2,它重點還是要吃早餐的
460.2,462.2,叫做能量缺口
462.2,464.2,早餐也留一點點口打起來
464.2,466.2,五餐你才能跟同質吃
466.2,467.2,一個好的晚餐
467.2,469.2,你才能跟朋友約會
469.2,471.2,所以只要你能夠做到
471.2,473.2,早餐四百大卡
473.2,475.2,那你其他餐你就不用了
475.2,476.2,你不用了
476.2,478.2,再來
478.2,479.2,我們的剪飛
479.2,481.2,早餐的TIPER 4
481.2,482.2,叫做選擇
482.2,483.2,遠行的食物
483.2,484.2,這個遠行食物是什麼
484.2,485.2,它水肩包
485.2,487.2,它肩肩絕都可以吃
487.2,488.2,對
488.2,490.2,我們這個遠行食物叫做
490.2,492.2,少加工的食物
492.2,494.2,店分你可以選一些地方
494.2,495.2,大臨屬頭
495.2,496.2,鹽飯
496.2,497.2,蛋白質就選一些
497.2,498.2,雞蛋
498.2,499.2,雞胸肉
499.2,501.2,豆漿用大油隔等等
501.2,502.2,然後碰任的方式
502.2,504.2,儘量去選擇一些水煮
504.2,505.2,真煮
505.2,506.2,或是一些烤
506.2,507.2,反正就是
507.2,509.2,避免你吃進太多
509.2,510.2,不必要的熱量
510.2,511.2,再來
511.2,513.2,我們的剪飛TIPER 4
513.2,516.2,剪少高糖分的飲料
516.2,518.2,涉氣造餐店的靈魂
518.2,519.2,大餅奶
519.2,521.2,還有一些什麼調味的牛奶
521.2,523.2,還有什麼可可的
523.2,524.2,都不要
524.2,526.2,敢用一些無糖的茶
526.2,527.2,咖啡
527.2,528.2,或者是豆漿
528.2,529.2,我來代替
529.2,531.2,一樣是可以慢煮你的桌餐
531.2,534.2,但是就可以剪少糖分的社區
534.2,535.2,再來
535.2,537.2,第五點很重要
537.2,538.2,不要這樣
538.2,539.2,不要這樣
539.2,540.2,不要這樣
540.2,542.2,這句話不能直對
542.2,543.2,那可能用說
543.2,545.2,也要對這個早餐店的
545.2,546.2,老闆娘說
546.2,547.2,是上的
547.2,548.2,對
548.2,549.2,因為它可能一興分起來
549.2,551.2,淡住都給你兩個人
551.2,552.2,好
552.2,553.2,不可能
553.2,554.2,絕對不可能
554.2,555.2,降料了
555.2,556.2,基本上它
556.2,559.2,GDP-90以上都是用
559.2,560.2,熱量炸蛋
560.2,562.2,而且拿著它量超級高
562.2,564.2,真的為它你沖澡
564.2,565.2,總到晚
565.2,567.2,直接泡成一條配配主
567.2,568.2,好啦
568.2,571.2,以上這些真的是老大苦口破新
571.2,573.2,跟大家分享的一些健康的早餐
573.2,574.2,都記得了嗎
574.2,577.2,是不是比這個幽子元的靠世還簡單
577.2,579.2,真的是歪歪你
579.2,581.2,給它堅持下去幾個禮拜
581.2,582.2,相信我好不好
582.2,583.2,效果絕對是
583.2,585.2,你很消忘慶重看得到
585.2,586.2,你很想
586.2,587.2,好
587.2,588.2,第一月
588.2,589.2,這個是它前陣子
589.2,591.2,新文陣的油漿
591.2,592.2,它也在健康
592.2,593.2,好不好
593.2,594.2,你多要所以我的意思是
594.2,595.2,它去做
595.2,596.2,也會有效
596.2,597.2,健康
597.2,598.2,真的是一個長期抗戰
598.2,600.2,為有不要改變生活
600.2,601.2,太多
601.2,603.2,你能夠養成習慣
603.2,604.2,堅持的下去
604.2,606.2,你猜會有效果
606.2,607.2,好嗎
607.2,609.2,把這支影片分享給你身邊的
609.2,610.2,看起來比較
610.2,612.2,風雨一些的朋友
612.2,614.2,在今年結束之前
614.2,615.2,讓我們一起
615.2,617.2,受成得到3點
617.2,618.2,我是奇蹟要當
618.2,619.2,陪你變了
619.2,620.2,變健康
620.2,621.2,變年輕
621.2,622.2,變受
622.2,623.2,就是我們這個頻道了
623.2,624.2,好不好
624.2,625.2,醫學大概還有哪一個嗎
625.2,626.2,好
626.2,628.2,那個都不如留
630.2,631.2,不是啦
631.2,632.2,不是啦
632.2,633.2,他很專業
633.2,634.2,或是非常行傷
634.2,636.2,所以真的是我們生為
636.2,637.2,開玩醫學台
637.2,639.2,最大的一個頻道
639.2,640.2,我們真的會帶著大家
640.2,641.2,一起變得好
641.2,642.2,喜歡我去訂閱
642.2,643.2,這個事
643.2,644.2,好
644.2,645.2,大海的
645.2,646.2,你死我
646.2,648.2,因為今天節奏比較亂
648.2,650.2,因為你知道為什麼嗎
650.2,651.2,拍這支的時候
651.2,653.2,我的生兒頭很贏
653.2,654.2,做好
654.2,655.2,對
655.2,656.2,講話有一點
656.2,658.2,卡卡的就會這樣
