0.0,2.0,明時今天我以時為身長外忘
2.0,3.66,是不是可以歡迎回到料理時
3.66,6.48,在這 series會帶大家回到過去讓大家看看
6.48,8.24,古代人是吃什麼長大的
8.24,9.08,這就是
9.08,10.22,MORE
10.22,10.96,MORE
10.96,11.96,MORE
11.96,13.72,20世紀的二樓時
13.72,15.72,為什麼第一層就是那麼多種種
15.72,16.76,好 下次好 下次
16.76,18.080000000000002,2024每天都想吃
18.080000000000002,19.36,這你看這段影片的瞬間
19.36,20.96,您在這這槍式目之
20.96,22.36,它出了是石土的例外
22.36,23.84,還是一本世界通史
23.84,25.2,除了告訴你料理怎麼做
25.2,25.84,還之外
25.84,26.2,這樣嗎
26.2,27.44,告訴你食材怎麼抓
27.44,29.48,跟這道菜在例子上有什麼特殊
29.48,32.160000000000004,以比面還有大量沒有公開的料理時
32.160000000000004,33.28,而且大的聲音
33.28,34.12,不聽到了
34.12,34.84,歷史知識
34.84,35.8,真亮400%
35.8,37.88,創意很滾
37.88,39.28,據年有些人會跟我反應
39.28,40.08,他們什麼的時
40.08,41.72,可是翻單後面會整本斷掉
41.72,43.4,所以我們今年特地增加了
43.4,44.24,胡偷設計
44.24,46.28,讓你基本上怎麼翻都不會斷
46.28,48.24,好 準備好了
50.96,52.28,比我們新帳還強爭
52.28,53.480000000000004,看你要試下來閱讀
53.480000000000004,54.92,還是當成一本書來看
54.92,56.44,一個綠綠各比較訊
56.44,58.08,吃粒大學強勢招身中
58.08,59.36,詳細資訊來資訊來
59.36,60.68,現在就先讓我們回到
60.68,62.08,20世紀的餓羅師
63.08,63.519999999999996,我跟你講
63.519999999999996,64.24,他也不會來
64.24,65.67999999999999,我們做了P賞和保護他
65.67999999999999,66.67999999999999,有後面嗎
66.67999999999999,67.64,來 我試試
67.64,68.0,我是
68.0,69.08,老師
69.08,69.92,學妹小姐
69.92,70.67999999999999,為什麼
70.67999999999999,72.08,因為我幫我一條很像學妹
72.08,73.88,沒有這個是三方才可以把你的
73.88,75.2,所以你只想要把我
75.2,76.68,對 可是我是三方的誰
76.68,78.28,阿康娜是
78.28,79.48,你今天怎麼這麼聰明
79.48,81.75999999999999,他光是甜點師傅就有二十人
81.75999999999999,83.52,腳盯部門就有十四人
83.52,85.48,整個預儲大概有150人
85.48,86.03999999999999,請問
86.03999999999999,87.52,你以為他是最喜歡吃什麼
87.56,88.52,媽媽
88.52,89.52,棒糖
89.52,90.2,真的
90.2,91.52,我以為你要菜嗎
91.52,92.52,我以為你要菜嗎
92.52,93.52,我以為你要菜
93.52,94.52,菜很像在那裡
94.52,96.52,他喜歡吃半与酒加場面
96.52,99.52,半与酒加場面不是要吃這個什麼吃吧
99.52,101.52,我先跟甜點跟酒有沒有問
101.52,102.52,對啊 有什麼關係
102.52,103.52,不是 聽我一點點
103.52,105.52,社會在種排場要有
105.52,107.52,就算他天子想要吃加場面
107.52,109.52,旁邊還是要放大骨東西
109.52,110.52,這你不然要是很有趣
110.52,112.52,他吃人住中級的生產
112.52,113.52,他常常只吃兩顆蛋
113.52,115.52,但旁邊還是要放什麼農康
115.52,117.52,那農家養肉啊 什麼之類
117.52,118.52,就這樣嗎
118.52,119.52,對啊
119.52,121.52,他喜歡吃什麼面臉
121.52,122.52,走 公平鳥不是會養過
122.52,123.52,就來啦
123.52,124.52,他裡面的面想要加馬一吃
124.52,126.52,那我們可以去全面買那個馬零豬泡面
126.52,127.52,不可以
127.52,128.51999999999998,那時候又沒有
129.51999999999998,130.51999999999998,我要擦他
130.51999999999998,131.51999999999998,我吃了
134.51999999999998,135.51999999999998,好 我看喔
135.51999999999998,136.51999999999998,餐具的力量
137.51999999999998,138.51999999999998,哇
138.51999999999998,139.51999999999998,那老師很兵這個
140.51999999999998,142.51999999999998,要進行療癒的部分
145.52,149.52,天分
149.52,151.52,總結弄一個洞出來
151.52,153.52,三顆蛋黃
153.52,155.52,你覺得弄過了20歲之後
155.52,157.52,我覺得他命中大小
157.52,158.52,他真的很歲之外
158.52,159.52,他也也解放農康
159.52,161.52,留給他很大的爛彈子
161.52,163.52,我幫農康不是一件好生嗎
163.52,165.52,可是他的解放農康的真是很北奇
165.52,167.52,而且他農康是有很多農康
167.52,168.52,而且農康真的很可憐
168.52,170.52,他們身下的小孩是農康
170.52,171.52,弟主啊
171.52,172.52,甚至可以說
172.52,173.52,小眼跟拉拉結會
173.52,175.52,不管你們兩個的意願
175.52,176.52,你們身下的小孩是穩靈
176.52,178.52,如果是弟主可以把我領買掉
178.52,180.52,反正你以為主要是的野餘
180.52,182.52,因為主要農康我們都聽起來很好
182.52,184.52,農康要付錢買幾個字
184.52,186.52,他都跟農康他怎麼會有錢
186.52,187.52,他沒有錢啊
187.52,188.52,正是代款品
188.52,190.52,分四十九年長團就啊
190.52,191.52,很多農康也只要不農
191.52,192.52,所以他也
192.52,194.52,就還是回去給弟主做
194.52,195.52,他不然是你可以給我工作嗎
195.52,197.52,他們的生活並沒有得到改善
197.52,198.52,就是一個必欲
198.52,199.52,你以為是個野野野
199.52,200.52,改歌太失敗
200.52,202.52,他就會被炸彈炸死
202.52,203.52,你説啊
203.52,204.52,而是幫上皇上那一天
204.52,206.52,就是有台炸事件
206.52,207.52,就跟你說
207.52,208.52,他命中帶下來
208.52,209.52,老師跟你說
209.52,210.52,他家免的時候會有紀念品
210.52,211.52,他會發免包
211.52,212.52,然後那時候很小
212.52,214.52,他打到好像想不去拿那個變包
214.52,216.52,他人家就發生財大事件
216.52,217.52,吃了兩千的東西
217.52,219.52,但是你那你股大都是怎樣嗎
219.52,221.52,他繼續回去跳唱歌
221.52,222.52,因為他想要展現自己
222.52,223.52,就算發生財大事件
223.52,224.52,還剩你監裏
224.52,225.52,好玩啊
225.52,227.52,拉得大可能不會這一套嗎
227.52,228.52,他不丁啊
228.52,229.52,我要讓他怎麼經過
229.52,230.52,我怎麼會推他
231.52,232.52,我為什麼還只是做
232.52,234.52,該死公平社
234.52,235.52,他也覺得開始了
235.52,236.52,不聽他神說話
236.52,238.52,他心想做大家可以
238.52,239.52,好
239.52,240.52,我曾經跟聽講過
240.52,242.52,在一起他們就是要受會有點故事
244.52,245.52,他玩出頭
245.52,246.52,都不敢講
246.52,247.52,我們在進源囉
247.52,248.52,他都要去圓圖
248.52,249.52,我以為阿弊
249.52,250.52,他自己在想命留言
250.52,252.52,對阿弊這塊還好嗎
252.52,253.52,老到這樣就可以
253.52,254.52,他也點
254.52,255.52,他也點
255.52,256.52,公手吧
256.52,257.52,我是第一八條
257.52,259.52,給我多想講
261.52,262.52,很多家共識過的人都說
262.52,263.52,他是好了
263.52,264.52,但他就是
264.52,265.52,活在自己的世界
265.52,267.52,他跟民眾太拖解
267.52,268.52,當君主
268.52,269.52,一跟民眾拖解
269.52,270.52,就是為基
270.52,271.52,不是白殼
274.52,275.52,10月革命的時候
275.52,276.52,不而隨客場
276.52,277.52,就告訴他
277.52,278.52,直接革命囉
278.52,279.52,但是他一聽
279.52,280.52,他全種充進
280.52,281.52,那的東公
281.52,282.52,八九九九六
282.52,283.52,他打身心
283.52,284.52,因為你叫人怪
284.52,285.52,他真的滿處
285.52,287.52,他老婆從來在日記
287.52,288.52,裡面寫拉斯布
288.52,289.52,聽這點不否
289.52,291.52,八個本人是基基很大的
291.52,292.52,我覺得三十公分
292.52,293.52,三十公分
293.52,294.52,我沒點
294.52,295.52,太危險
295.52,296.52,對
296.52,297.52,這一次我會去
297.52,298.52,沒錯
298.52,299.52,手工面條
299.52,300.52,之前山紅
300.52,301.52,愛吃的白牛
301.52,302.52,看你不能吃
302.52,303.52,對我們是用的
303.52,304.52,安全來覆刻
304.52,306.52,警告大家打會基基的話
306.52,308.52,但那一整天的處
308.52,311.52,你們知道山紅吃的基基
311.52,312.52,怎麼樣
312.52,313.52,怎麼樣
313.52,314.52,生吃
314.52,315.52,不能吃
315.52,316.52,為什麼我的白牛都這麼烈
316.52,318.52,所以你今天草地上下葡萄芝
318.52,319.52,然後他們那邊吃
319.52,320.52,那邊吃
320.52,321.52,就吃這間就吃的時候
321.52,322.52,用網子幫我們打進
322.52,323.52,然後用手把握進
323.52,324.52,我今天
324.52,325.52,我買個
328.52,330.52,香上五花肉片
330.52,331.52,以前就這樣吃嗎
331.52,332.52,對啊
332.52,334.52,這我覺得山紅吃的
334.52,336.52,比大家想像中的簡單很多
336.52,337.52,大家慢慢吃
337.52,338.52,加油了
338.52,339.52,對啊
339.52,341.52,小火煎一個小時
343.52,344.52,好香的
344.52,345.52,不堅固直到
345.52,346.52,一堅固直到
347.52,349.52,它又變出了
349.52,350.52,不可低谷
353.52,354.52,這個很容易
354.52,355.52,沙黃肉排
355.52,357.52,沙黃也很喜歡吃肉排
360.52,361.52,你骨啦
361.52,362.52,是大全餐
362.52,363.52,餌是貴主
363.52,366.52,遞到菜是坦普通的蔬菜堂
366.52,367.52,他們非常喜歡喝
367.52,368.52,用高麗菜做的堂
369.52,371.52,安全香五花
371.52,372.52,好好豬
372.52,373.52,我是認真了
373.52,375.52,原來把安全泡出一整天
375.52,377.52,就會那麼好吃嗎
377.52,378.52,有庫味嗎
378.52,379.52,一點點
379.52,381.52,它跟那個鹽味過一盒都很好
381.52,383.52,真的很好吃耶
383.52,385.52,這邊有媽媽的感覺
385.52,387.52,那你進的時候都吃一些
387.52,389.52,吃很糟糕
389.52,391.52,軟金糟它的出事只剩一個
391.52,392.52,有時候直接吃
392.52,394.52,小老實
394.52,395.52,好
395.52,398.52,我小朋友發生吃小吃
398.52,401.52,每個只能直接吃運用口量
401.52,403.52,巧賣一招之類的
403.52,405.52,沾黃一家最期待的大餐是
405.52,406.52,烤馬零數
406.52,407.52,它們就是被他賣成打死人家
407.52,408.52,對
408.52,410.52,其實那只能他們一家人被打死
410.52,412.52,不知道他們的普倫跟初戀一期被打死
412.52,413.52,真的假的
413.52,414.52,有時候他們可能
414.52,415.52,可以喝樂湯的時候
415.52,416.52,看守他們的人
416.52,418.52,就會把手指挫進他們湯裡面
418.52,420.52,說你們吃到一整不錯嗎
420.52,421.52,它們比海肉
421.52,422.52,我老實真的算是一個
422.52,423.52,好爸爸
423.52,424.52,因為那時候只是要求他
424.52,425.52,改成他的黃子
425.52,426.52,阿列客協紀委
426.52,427.52,然後還有說
427.52,428.52,他只是個孩子
428.52,429.52,又弟弟
429.52,430.52,他弟弟就說我不要
430.52,431.52,我不要
431.52,432.52,就沒有人來接
432.52,434.52,二樓是弟鬼的滅亡的
434.52,435.52,我覺得他們最可憐
435.52,436.52,是他們被殺的時候
436.52,439.52,吃品還要把他骨頭折斷
439.52,441.52,用刷破他們的臉
441.52,442.52,他他們被嫌出來的誰
442.52,444.52,我之前在二樓是石油講過
444.52,445.52,他們那時候有個技藥貨
445.52,447.52,就說公主們都把
447.52,448.52,不把
448.52,450.52,然後就反正變成房單被捉
450.52,451.52,這老舊
451.52,452.52,才死了
453.52,454.52,就到菜的食物
454.52,456.52,在二零二四每天都想吃裡面
456.52,457.52,十二個國家
457.52,458.52,裡面有一般是沒有公布的
458.52,459.52,為什麼是一半
459.52,461.52,因為西亞人相信
461.52,463.52,人應該就是有四個手
463.52,464.52,四個角量顆頭
464.52,465.52,但被分了一半
465.52,467.52,所以人一生在選擇
467.52,468.52,自己的另外一半
468.52,469.52,好歪喔
469.52,470.52,對啊
470.52,471.52,二零二四每天都想吃
471.52,472.52,也是一半
472.52,473.52,已經公開了
473.52,474.52,一半沒有公開的
474.52,475.52,大家也去選長的名外一半
475.52,477.52,但我記得現在是單身
477.52,479.52,這色紮
479.52,480.52,這整個路易石
480.52,481.52,六個一樣掉好了
481.52,482.52,就走
482.52,483.52,開始
485.52,487.52,我們就很怕累路耶
489.52,490.52,我們又很髮王
490.52,492.52,我們又辦法想像人家給我外語的
492.52,494.52,那很有意見性的魅力耶
494.52,495.52,那我現在比較特別的
495.52,496.52,因為他不洗澡
496.52,497.52,洗禮魔
497.52,498.52,是耶
498.52,499.52,那是不領人不洗澡
499.52,500.52,對
500.52,503.52,他覺得洗澡會讓他法力減弱
503.52,504.52,他太好了
504.52,505.52,對
505.52,506.52,對
506.52,507.52,什麼
507.52,509.52,好奇怪的人都
510.52,511.52,你要快全身
513.52,515.52,沒有人會想要跟你外語
515.52,517.52,但是我如果可以一行你兒子
517.52,518.52,經歷很忘生
518.52,519.52,還有三日公分
519.52,521.52,你覺得會不會洗澡
521.52,522.52,我們很快
522.52,523.52,你流量那麼好
523.52,524.52,因為你那麼洗澡
526.52,527.52,對
527.52,528.52,真的
528.52,529.52,我沒有人都不想像這樣
529.52,531.52,再做自媒
531.52,532.52,你請不要洗澡
532.52,533.52,我沒有人都不可以
533.52,534.52,都不可以讓每隻
534.52,535.52,流量近百萬
535.52,536.52,我沒有人都覺得
536.52,538.52,你都覺得是學到拉斯普丁的
538.52,539.52,沒有
539.52,540.52,都不洗澡
540.52,541.52,我一天會再跟不洗澡
541.52,542.52,一兩次而已
542.52,543.52,就是不洗澡
543.52,544.52,所以現在是做給你洗澡
544.52,545.52,沒有我們要做的
545.52,546.52,來 生毒丁
546.52,547.52,三千 最後一餐
548.52,550.52,他生起來就會再吃得好
550.52,551.52,等一下我的護子掉了
551.52,552.52,就沒有 救命啊
552.52,553.52,就沒有 救命就沒有
553.52,555.52,就沒有人要吃
555.52,556.52,又會再印
556.52,557.52,你怎麼沒
557.52,558.52,早就我把他做
558.52,559.52,會再一支票不標
559.52,560.52,你還小心
560.52,561.52,如果你跟我
561.52,563.52,我會收緊你的頭髮
563.52,565.52,而且還會分是不是處理
565.52,566.52,因為其實我們不確定
566.52,568.52,他到底是吃什麼蛋糕
568.52,569.52,但應該是杯子蛋糕
569.52,570.52,因為據說他大口
570.52,571.52,按按摩汁
571.52,572.52,葡萄嫩奶油
572.52,574.52,兩杯糖超過
574.52,576.52,一八三七年的食譜
576.52,577.52,所以跟現在的杯子蛋糕
577.52,579.52,做法的配一樣
579.52,581.52,你做到要是把它吃不得
581.52,582.52,不能再呼地的形象嗎
582.52,583.52,我覺得我這樣子
583.52,584.52,也都一定很醜
584.52,585.52,我就不會醜
585.52,586.52,你放心了
586.52,587.52,讓大家看出來
587.52,588.52,對啊
590.52,591.52,很醜
591.52,592.52,要農到焦慮
592.52,593.52,不要我們底油了
593.52,594.52,你人人一
594.52,595.52,就要把他做
595.52,597.52,我們只要掉下來
597.52,599.52,這個是逼著
599.52,600.52,他走在沙
600.52,601.52,好 看厲害
601.52,603.52,很多貴族女生會去找他
603.52,604.52,就有一個貴族
604.52,605.52,因為他老闆子啦
605.52,607.52,他用他辣妹老婆當有過
607.52,609.52,所以你有沒有想用老婆
609.52,610.52,那是水泥
610.52,611.52,就說老婆
611.52,613.52,好 蛋糕跟葡萄酒裡面都下毒
613.52,615.52,不是 它是母零打口
615.52,617.52,那吃了也沒怎樣
617.52,619.52,然後貴族下是拿槍射的
619.52,620.52,然後拉住你一個這樣
620.52,622.52,那貴族要下的樣子
622.52,623.52,然後這裡他三四槍
623.52,624.52,他還拿石頭打他
624.52,625.52,然後人家回到
625.52,626.52,他被推進去的時候
626.52,628.52,又不是要分
628.52,630.52,然後就在射他好幾槍
630.52,631.52,然後把它丟進合理
631.52,632.52,他很死
632.52,634.52,把一剪定他的死因
634.52,635.52,就是被動死
635.52,637.52,還是他其實是怕水啊
637.52,639.52,你從來是火系神奇寶貝
639.52,640.52,對啊 不系動
640.52,642.52,你真的動系這個事件
642.52,644.52,等一下等一下
644.52,646.52,發笑粉
646.52,648.52,牛奶
648.52,649.52,跟葡萄酒
649.52,651.52,肉道課
651.52,654.52,這就是我們的麵糊
654.52,657.52,聽說老師普遞的吃醬很糟糕
657.52,659.52,他什麼味道的醬來嫩嫩嫩嫩嫩嫩嫩
659.52,662.52,醬醬100%的度糕
662.52,663.52,這小師
666.52,667.52,你在幹嘛
667.52,668.52,咱也有的法律讓他選購
671.52,674.52,猛大
674.52,676.52,當時還真的很古老
676.52,678.52,我給他看起來像喜吃塔
678.52,680.52,哇 好羞
680.52,681.52,好羞
681.52,682.52,我吃了嗎
685.52,686.52,有一點
686.52,687.52,有點不養
690.52,691.52,這是我的單一門的愛
691.52,692.52,我好看
692.52,694.52,他感覺很厚
694.52,695.52,我看腳上一個人
695.52,696.52,那我突然想不起來
696.52,697.52,對
700.52,701.52,好強用我的臭
701.52,702.52,一罪負我
702.52,703.52,脫的
703.52,704.52,把切了
704.52,706.52,我越不難吃
706.52,707.52,但我不會說他是北極蛋糕
707.52,709.52,他肚子有最愛的感覺
709.52,710.52,沒有
710.52,711.52,但他特別喜歡醋
711.52,712.52,不是經驗啊
712.52,713.52,也不是死子
713.52,714.52,聽說
714.52,716.52,當初蘇聯紅賓的燒
716.52,717.52,他的時候拍坐起來
717.52,718.52,招了十幾個小時
718.52,720.52,才把他實體燒完
720.52,721.52,那他就跟他跟我們
721.52,723.52,我應不信的那個恐確顏
725.52,726.52,聽看不是水病座
726.52,728.52,哇 好水零售
728.52,730.52,你要講得是水零售
730.52,731.52,沒有 我沒有跟講
731.52,732.52,哇 好水零售
732.52,734.52,我們應該要把所有歷史的
734.52,735.52,問的先座差一遍
735.52,737.52,那你只要誰跟我討厭這輪
737.52,738.52,好笑住
739.52,741.52,這點紅座也是老手
741.52,743.52,我跟終極明在差一天而已
743.52,746.52,他是總聯史的要指候有花的
746.52,747.52,雜行直接兩公
747.52,749.52,因為那時候拉師母領教育人說
749.52,751.52,如果我現在被鬼祖殺
751.52,752.52,二樓是弟哥
752.52,753.52,還馬上就會毀滅
753.52,755.52,然後那個鬼祖
755.52,756.52,就會殺好劉狂
756.52,757.52,但是但只是
757.52,759.52,不是馬上就爆發革命了嗎
759.52,761.52,很多鬼祖都被祖死
761.52,762.52,或是被炸彈炸死
762.52,763.52,所以他說跑歐一節
763.52,764.52,他說跑歐一節
764.52,765.52,他說跑歐一節
765.52,766.52,而且因為他殺了那時普丁
766.52,767.52,回到二樓時的時候
767.52,768.52,還被烘均守衛
768.52,769.52,所以輪的命運
769.52,770.52,真的數很難收
770.52,772.52,因為我們要一切的革命
772.52,774.52,十個革命的期活點是什麼
774.52,775.52,媽媽們買不到麵包
775.52,777.52,要嘛就是掉門麵包
777.52,778.52,要嘛就是老門
778.52,779.52,不要去上班
779.52,780.52,那我們今天排隊買麵包
780.52,781.52,再想要一家這麼吃飯
781.52,782.52,誰不要冷
782.52,784.52,發革大革命也是
784.52,785.52,鳳女買不到麵包
785.52,787.52,老闆這種樣
787.52,788.52,各位同志們
788.52,789.52,覺得我是誰
789.52,790.52,練練
790.52,791.52,練你的虛要一輪總書記
791.52,792.52,不是什麼
792.52,793.52,練習在裡面無章嗎
793.52,794.52,我有準備忘記
794.52,795.52,謝謝你提醒我
795.52,796.52,不可覺得
796.52,797.52,忘記無點
797.52,798.52,但可能還是會被我殺了
798.52,799.52,好沒想出
799.52,800.52,好
800.52,802.52,我們要來做養牌
802.52,803.52,如果你不要要當練你
803.52,805.52,因為練你吃蛋簡單
805.52,806.52,反正吃豬有草蛋
806.52,807.52,你家我們出食譜
807.52,809.52,教別人用豬有草蛋
809.52,810.52,正叫下地獄
810.52,813.52,先用紅酒淹過養肉
813.52,815.52,而且不是喬治癢的紅酒
815.52,816.52,洗大臨是不喝的
816.52,817.52,因為他是喬治癢的
817.52,819.52,我確使大臨好像真的滿過份的
819.52,821.52,因為你們知道他馬練你怎麼玩嗎
821.52,822.52,看高
822.52,823.52,不是
823.52,824.52,不是
824.52,825.52,騷伏
825.52,826.52,不是爸爸練您做成木奶油
826.52,827.52,為什麼
827.52,829.52,因為他覺得社會主義
829.52,830.52,要存去下去
830.52,832.52,就是人都需要依靠什麼信養的活
832.52,834.52,全世界社會主義的代表的練臨
834.52,836.52,非常適合生格化
836.52,838.52,所以他也不顧練你的氣氛反對
838.52,840.52,就把他做成木奶油
840.52,842.52,你們知道血薰生記憶的主負是
842.52,844.52,時代一個廚師嗎
844.52,845.52,阿姨嗎
845.52,847.52,我平台
847.52,848.52,我真的假的
848.52,849.52,因為我真的假的
849.52,851.52,我還沒以外
851.52,853.52,把上一點點這樣
853.52,854.52,這個要小心
854.52,856.52,因為這就是我的牛格克飛的
856.52,858.52,你看
858.52,859.52,好謝謝你
859.52,860.52,我不要問
860.52,861.52,我適量多人會記憶養
861.52,863.52,我說我這樣就聞到
864.52,865.52,沒有聞到
865.52,866.52,沒有聞到
866.52,867.52,各位同志
867.52,869.52,請幫我們加油
869.52,870.52,加油
876.52,879.52,聽說他要一口九一口配這個東西
879.52,880.52,好
880.52,882.52,相交對我們這種山道後子
882.52,884.52,來說很便宜的東西
884.52,885.52,可是你要想說
885.52,886.52,二羅是冰天雪地
886.52,887.52,相交這種產物
887.52,889.52,是不可能追在二羅時的
889.52,891.52,這一定是最高級的波萊品
891.52,892.52,相交的東西
892.52,895.52,二羅是目前最受歡迎的八崗
895.52,896.52,我等一下一口八崗一口
896.52,897.52,相交帶一口一口
897.52,898.52,阿姨
900.52,901.52,你懂我知
901.52,902.52,兩個
902.52,903.52,那你切一下花顆的
903.52,905.52,沒有楊少尾
905.52,907.52,你懂得你懂得楊少尾
907.52,908.52,完全沒有楊少尾
908.52,910.52,他之前像豬牌
910.52,912.52,你要喝了嗎
912.52,913.52,對
913.52,914.52,相交相交相交
914.52,915.52,其實就是八崗
915.52,916.52,我怕你
916.52,917.52,這個相交很生
918.52,919.52,我很怕
919.52,920.52,很怕
920.52,921.52,你不是有一點悲事
921.52,923.52,你會要直接接過
923.52,924.52,你要直接進去
924.52,925.52,結果
925.52,926.52,好厲害
926.52,927.52,很羞嗎
927.52,928.52,因為他很像耶
928.52,929.52,我知不知道這個八崗
929.52,930.52,比較豬
930.52,931.52,他比較沒有那麼豬交
931.52,932.52,因為台灣大家最常買
932.52,934.52,就是平常漂亮的那個
935.52,936.52,我不用這樣
936.52,937.52,我
938.52,939.52,你沒有忘記一個東西
939.52,940.52,魚子家
940.52,942.52,他讓全部全蘇聯的人
942.52,944.52,都吃得起魚子家
944.52,945.52,你們知道這小小
945.52,947.52,我買這土土的魚子這樣子
947.52,948.52,來吧
948.52,949.52,最應該要一切
949.52,950.52,三切
951.52,952.52,好可愛
952.52,953.52,這樣
953.52,955.52,這時候就是用魚子將內證
955.52,956.52,你就說你看
956.52,957.52,身後變得更好了
957.52,958.52,我們認太車
959.52,961.52,我們能不能吃幾魚子醬
961.52,963.52,他們還有蘇聯香腸隔
963.52,964.52,猛個香腸
964.52,965.52,有出隔
965.52,966.52,我會不會是
966.52,967.52,我不會
967.52,969.52,我會不會是香腸的
969.52,970.52,對
971.52,972.52,我這香腸
972.52,974.52,我們是蘇聯香腸
974.52,975.52,我們是非常豬多的買
975.52,976.52,我們有120種
976.52,977.52,只要你開口
977.52,978.52,你就可以叫我們
978.52,979.52,是上圖節目
979.52,980.52,我們放在水里
980.52,982.52,我們今天一整天吃下來
982.52,983.52,感覺都滿苦豬的
983.52,984.52,我覺得這是蘇聯的
984.52,985.52,特色
985.52,986.52,就是不管是沙黃
986.52,987.52,還是種蘇劑
987.52,988.52,這我看
988.52,990.52,有人的立即寫說
990.52,991.52,老爺
991.52,993.52,他有如雪夫他們
993.52,994.52,半晚那種
994.52,996.52,招待外國的國員
996.52,997.52,他們其實吃完
997.52,998.52,都會叫豬房的人說
998.52,1000.52,豬豬馬林屬口酸酸
1001.52,1003.52,吃大林不是
1003.52,1004.52,讓很多人不見嗎
1004.52,1005.52,所以你們知道
1005.52,1006.52,他自己加的下場是什麼嗎
1006.52,1007.52,他老婆自殺
1007.52,1008.52,對不對
1008.52,1009.52,育船就只小到消息
1009.52,1010.52,他老婆
1010.52,1012.52,對於吃大林骨魚
1012.52,1013.52,讓烏克來
1013.52,1015.52,還有這件事情很寧舊
1015.52,1017.52,那時候烏克染激行
1017.52,1018.52,這死了超級多人
1018.52,1020.52,然後任命都用數值做飯
1020.52,1022.52,他很喜歡用餓死當
1022.52,1023.52,逼人舊飯的手段
1023.52,1025.52,然後他的大兒子
1025.52,1026.52,背得均服努
1026.52,1027.52,然後死在幾種名
1027.52,1028.52,小兒子
1028.52,1029.52,在他死後背清算
1029.52,1031.52,抓去關腦流房
1031.52,1032.52,最後發火
1032.52,1034.52,他們可能應該有靠爸爸得到一些好處
1034.52,1035.52,那我覺得
1035.52,1037.52,真正該被這樣對待的
1037.52,1038.52,對
1038.52,1039.52,晚吃
1039.52,1040.52,有聽過月的時候
1040.52,1041.52,晚餐的時候
1041.52,1042.52,告訴你們我是誰
1042.52,1044.52,你現在是普風人嗎
1044.52,1046.52,那我對蘇聯有很重大臨像
1046.52,1047.52,太恐惹
1047.52,1048.52,重
1048.52,1049.52,還是跟獨棄有關
1049.52,1050.52,有可能
1050.52,1051.52,你是製造核蛋的人
1051.52,1053.52,那我是車諾比世界
1053.52,1055.52,被派去前線的初時
1055.52,1058.52,那時候被選中要派去前線的人
1058.52,1060.52,是不管你家有沒有小孩
1060.52,1061.52,就是一句話
1061.52,1062.52,你就得上車
1062.52,1064.52,前往車諾比附近的一個聲令
1064.52,1066.52,那個聲令很貢車
1066.52,1067.52,叫做同化聲令
1067.52,1069.52,那門的時候上去的時候
1069.52,1070.52,其實根本就包記緊
1070.52,1071.52,過去哪裡
1071.52,1072.52,他們就像圖在唱的
1072.52,1073.52,動物一樣
1073.52,1074.52,也包記會不會回家
1074.52,1075.52,那他們做有回家嗎
1075.52,1076.52,有
1076.52,1078.52,但是有一半的人10年內都死光
1078.52,1080.52,我們從到立委也殺了
1080.52,1082.52,各種社人就選社人殺了
1082.52,1084.52,那些死的人可能起來
1084.52,1085.52,1819歲
1085.52,1087.52,然後而且很多人
1087.52,1089.52,是可能走在路上
1089.52,1090.52,就突然死掉
1090.52,1091.52,重去給醫生看
1091.52,1092.52,醫生就說
1092.52,1093.52,他體內全部爛掉
1093.52,1096.52,我下來的人好像在更痛苦一點
1096.52,1097.52,因為這一個
1097.52,1098.52,我下來的人就說
1098.52,1099.52,他現在每天起床
1099.52,1101.52,會發現自己身上又多人拿出
1101.52,1102.52,在流濃
1102.52,1104.52,或是他對自己的汗過敏
1104.52,1106.52,他連一塊肥膠都拿不起來
1106.52,1109.52,可是那時候去車諾比的人也有說
1109.52,1112.52,那是他們人生地址看到
1112.52,1113.52,有那麼多東西可以吃
1113.52,1114.52,各種水果
1114.52,1116.52,各種起司
1116.52,1117.52,其實品質都很好
1117.52,1118.52,各種巧克力
1118.52,1119.52,註練的巧克力是只有
1119.52,1120.52,高級官員
1120.52,1122.52,會前見的士兵才可以吃的
1122.52,1124.52,而且他們每次去領食才的時候都不用排隊
1124.52,1126.52,做夢一般的存在
1126.52,1128.52,然後心水也比別人高
1128.52,1130.52,能吃香腸是很有錢的行為
1130.52,1132.52,其實在那邊工作的人很多人會
1132.52,1134.52,偷偷把物資運出去買掉
1134.52,1136.52,那可是上面不會有合服色嗎
1136.52,1137.52,對啊
1137.52,1138.52,所以他們其實後面不用排隊
1138.52,1139.52,有一個原因
1139.52,1140.52,因為人家也不敢通到他們
1140.52,1142.52,甚至後面直接幫他們開條通道
1142.52,1144.52,物資就發現那邊他們拿了就走
1144.52,1145.52,我覺得喔
1145.52,1146.52,三色豆
1146.52,1148.52,大家都超喜歡這個沙拉的
1148.52,1149.52,也很喜歡吃漏洞
1149.52,1151.52,我這次沒有左右怕你們專門漏洞
1151.52,1152.52,好
1152.52,1153.52,沒奶之間
1154.52,1155.52,拿拿去冰
1155.52,1156.52,等一下買一層刷
1156.52,1158.52,士拉複皮酒湯
1158.52,1159.52,湯
1159.52,1160.52,不不不不
1160.52,1161.52,就是那個很重要的東西
1161.52,1162.52,可是他很好吃
1162.52,1164.52,還要加入一吃
1164.52,1166.52,可是他們非常喜歡喝的品酒
1166.52,1168.52,重點是
1168.52,1170.52,不想過
1170.52,1172.52,那吃了很多比的人料理
1172.52,1174.52,還有一個特色是
1174.52,1175.52,一定會加了
1176.52,1178.52,黑麥麵包皮的丁
1178.52,1179.52,那時候還有起司蛋糕
1179.52,1181.52,它從來準備吃
1181.52,1182.52,好好
1182.52,1184.52,我覺得這也算是他們最後的良心
1184.52,1185.52,中筆讓他們去受死
1185.52,1186.52,還吃得很不好一樣
1186.52,1188.52,你又拍的時候會煙的
1188.52,1190.52,那時候很吃到這種很神快
1190.52,1191.52,然後我這很像是紅色味
1191.52,1193.52,才吃得起來
1193.52,1195.52,好像沒有剩水的奶油
1195.52,1197.52,是超級溪油物質
1197.52,1199.52,而且你還可以吃
1199.52,1200.52,一定要吃手機
1200.52,1201.52,就是要一起這裡
1201.52,1202.52,要出去去做的東西
1202.52,1203.52,對
1203.52,1204.52,對
1204.52,1205.52,他們可能人生吃點就上班
1205.52,1206.52,然後晚上發生
1206.52,1207.52,是
1207.52,1208.52,對
1208.52,1210.52,然後他們還沒有背中火
1210.52,1212.52,你吃那樣真的很做的東西
1212.52,1213.52,還要做草蛋
1213.52,1214.52,我們又直接用牛肉
1214.52,1215.52,直接煎蛋
1215.52,1216.52,因為聽說那時候的士兵
1216.52,1217.52,也特別喜歡這樣吃
1221.52,1222.52,我自己去吃找我吃
1222.52,1223.52,也喜歡小草蛋
1223.52,1224.52,有香貨
1224.52,1225.52,你有錯
1225.52,1226.52,真的是美式的
1226.52,1227.52,早餐
1231.52,1233.52,他們真的會擺花跟草草料理
1235.52,1236.52,我們先吃什麼的
1236.52,1237.52,先喝奶洗
1239.52,1240.52,真的就是果洗
1240.52,1241.52,那時候還水住
1241.52,1242.52,可以吃水密糖
1242.52,1243.52,你在洗水密糖嗎
1243.52,1244.52,可以吃糖
1244.52,1245.52,我會吃柴會用
1245.52,1246.52,我會吃柴會用
1246.52,1247.52,鮭油
1247.52,1249.52,原來手真的是草草料理
1249.52,1250.52,對
1250.52,1253.52,它有一種當鮭鴨的感覺
1253.52,1254.52,為什麼
1254.52,1255.52,你自己好看看
1255.52,1257.52,當鮭鴨
1257.52,1259.52,還是因為它是黑脈皮
1259.52,1261.52,所以賣味很明顯
1261.52,1262.52,應該是
1262.52,1263.52,你就會好好吃
1265.52,1267.52,又不會真的好好吃
1267.52,1268.52,好好吃
1268.52,1269.52,但好好吃
1271.52,1273.52,蘇聯的當鴨鴨
1273.52,1275.52,還要去老菌一眼
1275.52,1278.52,其實那些人也都是被逼著去的
1278.52,1279.52,我那時候看紀錄片
1279.52,1281.52,看那個我自己覺得有點心碎的故事
1281.52,1283.52,就是其中一個初娘
1283.52,1285.52,她跟她老鴨鴨是有時候播了
1285.52,1286.52,A歌手的歌
1286.52,1288.52,然後那天A歌手要來
1288.52,1289.52,程度比硬碟
1289.52,1290.52,她特地請假
1290.52,1292.52,她準備的花跟巧克力要給她吃
1292.52,1294.52,就跟那個歌手看她
1294.52,1296.52,像看到鬼一樣好像跑走
1296.52,1297.52,好
1297.52,1299.52,然後她說她的心脹破了動
1299.52,1301.52,然後她知道自己永遠不會好
1301.52,1302.52,程度比不只會
1302.52,1303.52,她的身體健康
1303.52,1305.52,連她的心命總共都會掉
1305.52,1306.52,她在也沒有辦法
1306.52,1307.52,聽那個老鴨
1307.52,1308.52,她會到家
1308.52,1309.52,她老公也不敢見她
1309.52,1310.52,好安心
1310.52,1311.52,我還看到
1311.52,1312.52,他們說一開始的醫生
1312.52,1314.52,有一隻叫哭著跟她說
1314.52,1316.52,你們每個人都活不成過十年
1316.52,1318.52,隔天醫生就被群隊帶走
1318.52,1320.52,然後就後面換了一個故事
1320.52,1321.52,她就跟大家說
1321.52,1323.52,要讓她不說哭就都洗手
1323.52,1324.52,每天洗臉這長
1324.52,1326.52,那個時代不能說征慌
1326.52,1327.52,看她那個出娘
1327.52,1329.52,她其實那時候就找鬼來回發生
1329.52,1330.52,什麼事情
1330.52,1331.52,但她不敢講
1331.52,1333.52,科她覺得15K給人力量
1333.52,1335.52,所以她是努力做出好吃的飯
1335.52,1336.52,因為她覺得至少
1336.52,1337.52,人生的最後一段目
1337.52,1338.52,要吃好吃的
1338.52,1339.52,所以她會把羊蟲、科成
1339.52,1340.52,玫瑰華
1340.52,1341.52,去泡糖吧
1341.52,1343.52,紅蘿蔔都切成花朵的樣子
1343.52,1344.52,食堂切還有放
1344.52,1345.52,感謝小本本
1345.52,1347.52,就很多視頻就寫說
1347.52,1348.52,謝謝你讓我在
1348.52,1349.52,林家最遠的地方
1349.52,1351.52,有一個橡甲的味道
1351.52,1352.52,那我也覺得
1352.52,1353.52,那很...
1353.52,1354.52,那很...
1354.52,1355.52,有一點
1355.52,1356.52,不是太老了
1356.52,1357.52,這就是
1357.52,1358.52,食物的魔法跟
1358.52,1360.52,人生就是這樣一杯一起的過去
1360.52,1361.52,雖然有些人去那邊
1361.52,1362.52,也會崩潰
1362.52,1363.52,可是有些人很努力的
1363.52,1364.52,想說
1364.52,1365.52,既然都這樣
1365.52,1366.52,我們至少最後一段目可以走的
1366.52,1368.52,開開心心一點
1371.52,1372.52,哇
1372.52,1374.52,春白無下的愛心巧克力
1374.52,1375.52,希望這個世界上
1375.52,1377.52,所有人都是自由
1377.52,1379.52,而且喝品可以做的機場做的事情
1379.52,1380.52,你不是喜歡團隊的理由
1380.52,1381.52,我那麼試寫嗎
1381.52,1382.52,這時候講完在宣傳
1382.52,1383.52,請大家去買綠莉
1383.52,1384.52,招廟只有三天
1384.52,1385.52,到九月六號
1385.52,1387.52,會不會有得太過分
1387.52,1388.52,哈哈
1388.52,1389.52,去問講話
1389.52,1390.52,兩位妹妹
1390.52,1391.52,她喜歡轉的
1391.52,1392.52,是你自己問的
1392.52,1394.52,我寫在這時候教我自己
1396.52,1397.52,完成
1397.52,1399.52,以上就是我們這次的
1399.52,1400.52,我寫了料理石
1400.52,1401.52,希望大家能對這個
1401.52,1402.52,感應好很厲害
1402.52,1403.52,我們很遠
1403.52,1404.52,用沒有很遠的國家
1404.52,1405.52,常常在新聞上聽到
1405.52,1407.52,但總是覺得很神秘的國家
1407.52,1408.52,在跟聊一節一點
1408.52,1409.52,那我自己很喜歡
1409.52,1410.52,悲慘世界裡面
1410.52,1411.52,一過血的一段話
1411.52,1412.52,一個名家在吃到
1412.52,1413.52,重翻了賽逃出來的
1413.52,1414.52,遇出做的料理之後
1414.52,1416.52,得到了繼續前進的勇氣
1416.52,1417.52,與力量
1417.52,1418.52,我覺得這就是
1418.52,1419.52,食物的魔法
1419.52,1420.52,在這麼艱難都需要吃飯
1420.52,1421.52,全力會跟跌
1421.52,1422.52,肉體會消失
1422.52,1424.52,只要食物永遠在那邊
1424.52,1425.52,這是的反應生而為人的
1425.52,1426.52,待遇出境
1426.52,1428.52,如果你以為人這節的料理石
1428.52,1429.52,想要料解更多不同的
1429.52,1430.52,歷史上的人
1430.52,1431.52,到底是吃什麼長大
1431.52,1433.52,而且想要親自做做看
1433.52,1434.52,同時在做菜的過程中
1434.52,1436.52,得到更多相關歷史
1436.52,1437.52,知識的話
1437.52,1438.52,走過如果千萬不要錯過
1438.52,1439.52,2024
1439.52,1440.52,每天都想吃
1440.52,1441.52,一趟無懷
1441.52,1443.52,這裡看這個影片的瞬間
1443.52,1444.52,2024
1444.52,1445.52,每天都想吃
1445.52,1446.52,因在著著強勢目之
1446.52,1447.52,總共有12個月
1447.52,1449.52,而且整本率力超過9萬字
1449.52,1450.52,還有大量沒有公開的
1450.52,1451.52,料理省的你挖絕
1451.52,1453.52,2024就讓你
1453.52,1454.52,一天一個步驟
1454.52,1455.52,一抽最到料理
1455.52,1457.52,提升我加一點歷史條位
1457.52,1458.52,讓吃不再吃吃
1458.52,1460.52,我是名為歷史的神秘魔法
1460.52,1461.52,那相信資訊都還繼續
1461.52,1463.52,而且目之時間是限量的
1463.52,1464.52,錯過之後
1464.52,1465.52,帶著我們懶多
1465.52,1466.52,應該不會再把握
1466.52,1468.52,希望大家喜歡今天的影片
1468.52,1469.52,更失保
1469.52,1470.52,拜拜
