0.0,5.92,這兩年來因為疫情的影響
5.92,8.44,台灣是有人口依高達47萬人
8.44,10.120000000000001,而且有將近九層的斜者
10.120000000000001,12.24,是可能正在尋找工作
13.68,14.56,但可怕的是
14.56,16.240000000000002,一些綁上有名的秋資網
16.240000000000002,17.240000000000002,卻早已元線
17.240000000000002,19.72,才來詐騙吉他的行騙工具
19.72,21.92,一點書看燈炸騙畫度
21.92,24.2,到機場等候卻找不到人時
24.2,26.28,才發現被騙騙人到當地
26.28,28.36,誰出雜高就轉接給誰
28.36,29.32,你如果跑掉
29.32,30.36,我就找人去答案
30.36,32.16,或者是說我威脅你的家人
32.16,33.72,許多剛出社會的年輕人
33.72,35.44,認為外幣比台力更有價值
35.44,37.72,對於在國外的生活也充滿了幻想
37.72,39.120000000000005,一直被大片提出
39.120000000000005,41.32,片去國外成為了大片幫助
41.32,44.24,甚至有上千人因此失去影訊
44.24,45.400000000000006,而且是受害者
45.400000000000006,48.400000000000006,是否還性格卻也沒有人是掉的
50.32,51.64,或者他們過得很好
51.64,52.64,我們一不知道
54.04,54.56,各位
54.56,56.44,我們現在有非常多的台灣人
56.44,58.08,正被綁架在杜拜
58.08,60.12,我現在正在處理這件事情
60.12,61.239999999999995,為什麼會知道這件事情
61.239999999999995,61.8,是這樣子
61.8,63.12,我收到了一個失去
63.12,64.36,他是中午的時候傳給我
64.36,65.88,但是我晚上七點才打開來
65.88,67.08,我說好 我會查查
67.08,67.92,他跟我說
67.92,69.08,他卻有去上網查一下
69.08,70.8,有一個女王有分享了
70.8,72.75999999999999,他到杜拜的博弈雜片公司
72.75999999999999,74.08,去求職的行入立場
74.08,75.32,主要是要警告大家
75.32,77.6,願離國外的高興炸騙工具
77.6,79.2,如果不是因為他騙我被騙
79.2,81.48,他到現在都不知道台灣有發生這種事情
81.48,82.88,他就希望我可以拍影片
82.88,84.64,希望讓更多人知道不要受騙
84.64,87.2,然後剛剛十一點半除了的時候
87.2,88.8,我就好了這個女王
88.8,89.76,有分享
89.76,91.36,霧霧度外博弈雜片公司
91.36,92.24000000000001,求職心入立的
92.24000000000001,93.36,喔真的是很精彩
93.36,95.04,我王子為會貼在下面
95.04,96.0,自領留言
96.0,97.60000000000001,影片說母親一名一定要去看
97.60000000000001,98.8,簡單來說呢
98.8,99.60000000000001,他上網
99.60000000000001,100.8,認真了這個工作
100.8,101.92,到了杜拜去
101.92,102.88,然後他被綁架
102.88,104.32000000000001,他點他就要被賣掉
104.32000000000001,106.0,還好他其實逃回了
106.0,107.2,那個詹片的人呢
107.2,108.80000000000001,有大陸人也有台灣人
108.80000000000001,110.92,這可能是一個跨國人口範賣
110.92,111.76,綁架無時
111.76,113.52000000000001,剛剛在查這個案情的過程中
113.52000000000001,114.24000000000001,就看到了
114.24000000000001,115.68,伊林市人的銀行
115.68,118.24000000000001,他就有這種類似雜片的工作直缺
118.24000000000001,118.88000000000001,杜拜
118.88000000000001,120.32000000000001,比星五萬期
120.32000000000001,122.32000000000001,遊戲公司文字課不專員
122.32000000000001,125.76,恩星日期是2021年的10月6號
125.76,127.52000000000001,有說這個詹片到至今為子
127.52000000000001,128.48000000000002,還有人被騙
128.48000000000002,130.08,目前就有一個請女
130.08,131.44,他們現在人還卡在杜拜
131.44,132.0,回布蘭
132.0,134.16,這在情侶就是傳訊息
134.16,136.64000000000001,給我的這一個女生他的朋友
136.64000000000001,137.44,而且跟我說
137.44,138.8,偷文的女生他朋友
138.8,139.68,他朋友是一個女生
139.68,140.88,他男朋友也有跟他去
140.88,142.32,對方不讓他們回來
142.32,143.52,威脅恐嚇他們
143.52,144.0,後來呢
144.0,145.76,他們去警察局院移民局
145.76,148.24,可是杜拜的警察根本就不幫他
148.24,149.6,移民局院也不幫他
149.6,150.48,他就很無助
150.48,151.76,當地語言不通
151.76,153.12,我就說我來想辦法幫忙
153.12,154.4,所以我就請他
154.4,156.0,趕快開一個群組
156.0,157.12,我們就先不掉查了
157.12,158.24,威脅他們還要籌備
158.24,159.12,籌備個屁啊
159.12,160.08,先讓他們回來
160.08,161.12,現在這籌備下去
161.12,162.08,他趕快朋友死了
162.08,162.96,我把這東西拍出來
162.96,164.0,也死了兩個人了
164.0,164.4,不行
164.4,165.2,不是呀
165.2,166.08,不然我要怎麼這樣
166.08,167.76,擔心他們的洗衣室
167.76,169.2,以後他還連線不要被騙
169.2,171.12,現在我回來再說吧
171.12,172.48,我現在不是要籌備吧
172.48,174.23999999999998,他過說在這邊有個地方叫
174.23999999999998,175.76,第IP-6-8
175.76,176.88,你在什麼旁
176.88,178.23999999999998,當初住在這邊的時候
178.23999999999998,180.0,是被賣來這邊的公司
180.0,181.6,那些中國人幫他們組的
181.6,182.39999999999998,10月5號
182.39999999999998,183.83999999999997,因為很多台灣人跑
183.83999999999997,184.95999999999998,公司怕他們也跑掉
184.95999999999998,186.72,所以我想把他們賣到其他公司
186.72,188.16,他們要靈魂護照的話
188.16,190.32,一個人要付三萬你的人的問題
191.28,193.04,要死無外殘的
193.04,194.0,馬護照靈魂
196.39999999999998,197.44,哈囉哈囉
197.44,198.23999999999998,哈囉
198.23999999999998,199.2,聽得到嗎
200.16,201.35999999999999,靠杯
201.35999999999999,202.39999999999998,沒事陰內
202.39999999999998,203.35999999999999,無生無喜
203.35999999999999,204.16,是不是了
206.07999999999998,206.79999999999998,不是
206.79999999999998,208.64,我是覺得我們不要開這玩家
208.64,210.39999999999998,我是開用來又不來
210.39999999999998,211.44,喂
211.83999999999997,212.39999999999998,喂
212.39999999999998,213.11999999999998,有了
213.11999999999998,213.92,可以馬可以嗎
213.92,214.72,你跟你男朋友現在
214.72,216.16,都在你們做地方是不是
216.16,216.64,對
216.64,218.0,那他現在是有護照的
218.0,218.56,沒有
218.56,219.35999999999999,我們都沒有護照
219.35999999999999,220.16,因為我們就是
220.16,221.28,被賣來這邊裝護照
221.28,222.0,這邊手走了
222.0,223.2,他不是搬到了嗎
223.2,224.56,他是搬好這個掛式
224.56,225.83999999999997,證明是可以去搬車
225.83999999999997,226.79999999999998,不是護照
226.79999999999998,228.48,我現在就是被我們把
228.48,229.67999999999998,因為我就是卡在
229.67999999999998,230.79999999999998,他說我兩個護照
230.79999999999998,231.51999999999998,不然我搬
231.51999999999998,232.23999999999998,那這樣子
232.23999999999998,233.6,你幫你的一些
233.6,234.16,個子
234.16,235.12,你方便給我嗎
235.12,235.92,就是說
235.92,236.64,什麼人在
236.64,237.12,對
237.12,237.44,對
237.44,238.07999999999998,你給我
238.07999999999998,240.23999999999998,今天我會稍微幫你揉一下
240.23999999999998,240.56,好
240.56,241.6,你們幾歲了
241.6,242.72,但怎麼去做這個
242.72,243.67999999999998,是他們在
243.67999999999998,244.88,依依人靈行
244.88,246.07999999999998,揉到我那朋友
246.07999999999998,247.51999999999998,做什麼國外的工作
247.51999999999998,248.23999999999998,新高
248.23999999999998,248.95999999999998,做行政
248.95999999999998,250.32,就是聽起來就很正常
250.32,251.35999999999999,他們為什麼要用理
251.35999999999999,252.23999999999998,因為你們英文
252.23999999999998,253.2,又不會拉拉多的
253.2,253.67999999999998,你不會
253.67999999999998,254.72,因為他們這邊是
254.72,255.76,中國人的公司
255.76,256.96,抓著做照片
256.96,258.32,我之前被他們拉住
258.32,258.79999999999995,做片
258.79999999999995,259.28,有假的
259.28,260.15999999999997,要不要越跑
260.15999999999997,260.64,要怎麼做
260.64,262.0,剛才我知道那個
262.0,262.88,就是王美
262.88,264.0,越跑那個
264.0,265.03999999999996,剛於是這個大本
265.03999999999996,265.84,你在動半
265.84,267.03999999999996,我調查那個
267.03999999999996,267.84,調查超久的
267.84,268.79999999999995,我還會拍影片
268.79999999999995,269.84,然後他們還有天
269.84,270.64,太果然來
270.64,271.2,他們現在
271.2,272.24,然後太太不喚
272.24,272.64,那樣子
273.67999999999995,274.24,看
274.24,275.2,叫我在來知道
275.2,276.47999999999996,要回來台灣的話
276.47999999999996,278.32,防疫的部分有需要先做什麼
278.32,279.2,在這邊要先做
279.2,280.0,做什麼算計
280.0,281.03999999999996,我的變之後
281.03999999999996,281.67999999999995,打的話就
281.67999999999995,282.0,點
282.0,282.4,你久點
282.4,282.88,因為你要
282.88,283.91999999999996,給他看證明
283.91999999999996,285.28,他還要讓我做飛機
285.28,285.67999999999995,沒關係
285.67999999999995,286.15999999999997,防疫力過
286.16,287.20000000000005,我還要幫你過
287.20000000000005,288.12,還可以
288.12,289.12,因為現在時間也晚
289.12,290.96000000000004,很多是因為我們都裡面不到
290.96000000000004,292.16,一天大狀
292.16,293.52000000000004,我會來訓練時間
293.52000000000004,294.24,所以我們太早
294.24,295.20000000000005,因為我們太早
295.20000000000005,296.40000000000003,太早
296.40000000000003,297.36,來來來來
297.36,298.32000000000005,做度半
298.32000000000005,300.40000000000003,台灣三五半四處
300.40000000000003,301.20000000000005,提供
301.20000000000005,303.52000000000004,旅外國人級難救助
303.52000000000004,304.72,我們來看看這些
304.72,306.16,關掉到底
306.16,307.28000000000003,會不會真的防疫
307.28000000000003,308.88,一打一下這個
308.88,310.32000000000005,級難救助全國
310.32000000000005,311.92,20小時的專線
312.88,314.0,我覺得這個國際靈魂
314.0,314.8,應該有個國際
314.8,315.36,還算
317.12,318.16,算了嗎
321.12,322.08000000000004,成大姐
322.08000000000004,324.32000000000005,靈魂的號碼是不好
325.52000000000004,326.40000000000003,大家好
326.40000000000003,327.20000000000005,風景好了
327.20000000000005,328.64000000000004,風景
328.64000000000004,329.20000000000005,喂
329.20000000000005,329.92,喂
329.92,330.88000000000005,你說
330.88000000000005,332.08000000000004,三萬間的人
332.08000000000004,333.04,可以出來
333.04,333.76000000000005,可以出來
333.76000000000005,335.52000000000004,可以當世界的街頭
335.52000000000004,336.32000000000005,讓自己接他們
336.32000000000005,336.72,然後類
336.72,338.24,就是現在安全的地方
338.24,339.36,可以在哪裡
339.36,340.72,你都會想像這麼講講
344.56,345.6,我會搞定完了
347.04,347.20000000000005,是
348.40000000000003,349.76000000000005,等於剛剛躲在那位置
349.76000000000005,350.72,你找到一個人站在
350.72,351.68,然後強調找他
351.68,352.8,然後一聲就要過去
352.8,353.76000000000005,手機症痛
353.76000000000005,354.56,然後你站個就要
355.76000000000005,356.16,好
356.16,357.04,真心處理完了
357.04,357.92,你接個位置
357.92,358.16,各位
358.16,359.68,我們現在就來好好分析一下這件事情
359.68,360.16,是請把
361.12,363.12,我有聯絡上度敗的朋友
363.12,364.0,他說我朋友朋友
364.0,364.72,做物流的
364.72,365.76000000000005,然後在度敗工作
365.76000000000005,367.6,先請司機去見你們
367.6,369.36,讓你們人先安全下來
369.36,370.40000000000003,他已經就害一do
370.40000000000003,371.44000000000005,終於一do了
376.72,377.6,好
386.32000000000005,386.88000000000005,各位
386.88000000000005,387.68,現在的土壩
387.68,388.08000000000004,總扣
388.08000000000004,389.52000000000004,剛剛炸騙機團
389.52000000000004,390.88000000000005,傳訊息給他們
390.88000000000005,392.08000000000004,可能知道他們要跑路
392.08000000000004,392.88,威脅他們
392.88,394.96000000000004,做什麼要把他們的護照拉黑
394.96000000000004,396.32000000000005,已經上保公司了
396.32000000000005,396.88,做他們兩個
396.88,398.16,現在是跑路的狀態
398.16,399.52000000000004,如果不聯繫的話
399.52000000000004,400.72,他們的護照都不用擔心了
400.72,401.6,一開始他們
401.6,403.28000000000003,去陰陰居申辦的時候
403.28000000000003,403.92,什麼不過
403.92,405.20000000000005,所以他們一直很擔心說
405.2,407.52,是不是真的對方的動一些什麼手獎
407.52,409.2,好像是請他們明天早上
409.2,409.92,先去陰陰居申
409.92,411.03999999999996,清靈是管的人
411.03999999999996,412.47999999999996,帶著他們局局的處
412.47999999999996,413.59999999999997,所以我們現在來
413.59999999999997,415.03999999999996,我們直接聯絡的地方
415.03999999999996,417.03999999999996,丁令是管提供協助
419.2,419.84,我說我們的朋友
419.84,420.71999999999997,被綁架在度敗
420.71999999999997,421.76,好不容易逃的出來
421.76,423.03999999999996,想要生半護照回臺灣
423.03999999999996,424.4,但是卻被移民
424.4,425.36,去跟警察忍
425.36,426.32,處理帶通
426.32,427.52,所以是都在寻找他們
427.52,428.96,肯請你們提供協助
428.96,430.4,之前我朋友有電話訊求
430.4,431.12,你的協助
431.12,432.56,但是你們都不願意處理
432.56,433.68,我請他們明天早上
433.68,436.24,在去自能室管區衝你的房房
436.24,437.6,因為我真的要拍攝這個議題
437.6,438.88,如果你還是不願意幫忙
438.88,440.16,也將會被基因不下來
440.16,440.64,送出
441.84000000000003,442.32,不知道
442.32,443.68,對方還會在出什麼招
443.68,443.92,不知道
443.92,446.08,還是花錢去買通警察
446.08,447.12,做什麼他們有通勤
447.12,448.32,所以他們多待在那邊
448.32,449.44,天就多危險天
449.44,450.4,還是要進快回來
450.4,450.88,最好
450.88,451.52,如果明天早上
451.52,452.88,他們還是不願意處理的話
452.88,453.84000000000003,我們用馬上發出
453.84000000000003,455.2,影片去解救這兩個人
455.2,456.88,我們現在在這邊
456.88,458.56,等他幫我們辦好
458.56,459.44,那個影師護照
459.44,460.32,我剛去
460.32,460.88,陰陰居
460.88,462.32,那邊的人幫我處理好了
463.68,465.68,好
469.68,470.88,各位
470.88,471.68,現在
471.68,473.28000000000003,我們有一件更重要的事情
473.28000000000003,473.92,一定要去做
473.92,475.28000000000003,天天要待會
475.28000000000003,476.48,哈哈哈哈
477.52,479.12,我跟你講大難度十六後
479.12,480.24,一到三十八
480.24,481.28000000000003,你就選六口
481.28000000000003,481.92,沒有
481.92,482.48,二六
482.48,482.88,沒有
482.88,483.68,沒有
483.68,484.08,沒有
484.08,484.88,沒有
484.88,485.36,剛剛路徑
485.36,486.32,這個很平洽很慘
486.32,486.88,好
486.88,487.04,好
487.04,487.28000000000003,好
487.28000000000003,487.92,二六二六二六
487.92,488.72,來來來來來來來來來
488.72,490.08,來來來來來來來來來來來來來來來來
490.08,491.36,十二二號拿到護照
491.36,492.32,十二二十
492.32,494.71999999999997,好
494.71999999999997,495.76,好
495.76,495.84,好
495.84,495.92,好
495.92,496.32,好
496.32,496.71999999999997,可以
496.71999999999997,497.08,就是一
497.08,498.71999999999997,就在你這天晚上就要開了
498.71999999999997,499.92,開了這番你千萬
499.92,500.71999999999997,謝謝
500.71999999999997,501.12,好
501.12,502.48,你把這支到雪
502.48,503.84,我把番你千萬也不請客
503.84,504.96,好
504.96,505.44,好
505.44,506.64,好
506.64,507.44,好
507.44,508.08,好
508.08,508.64,好
508.64,509.92,謝謝
509.92,510.71999999999997,他才能發生了
510.71999999999997,511.24,他才能
511.24,512.64,開了我杯
512.64,513.68,你又說沒中美
513.68,514.64,然後不救
514.64,515.68,可能沒時間
517.68,518.4,這個地方
518.4,519.12,好
519.12,519.76,不好意思
519.76,520.56,我又請問一下
520.56,521.2,這個禮拜
521.2,522.8000000000001,還有防禦禮拜的位置嗎
522.8000000000001,523.9200000000001,你一刻滿身嗎
523.9200000000001,524.08,好
524.08,524.48,謝謝
524.48,526.1600000000001,防禦禮拜現在最驚的
526.1600000000001,527.12,十二五
527.12,529.6800000000001,就要1月20號之後
529.6800000000001,531.6,1月25號之後
531.6,532.08,好
532.08,532.88,要這麼久
532.88,533.84,不覺得可能可能
533.84,535.12,都可能禮拜的
535.12,536.32,好
536.32,536.6400000000001,OK
536.6400000000001,537.36,好
537.36,538.8000000000001,好
538.8000000000001,539.6,超正早
539.6,540.5600000000001,超級無敵的
540.5600000000001,540.8000000000001,好
540.8000000000001,541.6,很多人會講一下
541.6,542.5600000000001,現在
542.5600000000001,544.5600000000001,不是只有拿到零食護照
544.5600000000001,545.84,這個問題就解決了
545.84,547.2800000000001,他必須要拿到防禦禮拜的地方
547.2800000000001,548.0,都變好
548.0,549.12,才也辦法登記
549.12,549.6,好
549.6,551.9200000000001,我又先在這個時間點超難道
551.9200000000001,552.8000000000001,而且別那種
552.8000000000001,554.0,三四千塊
554.0,555.44,都要排到1月多了
555.44,556.88,因為之後也快過年了
556.88,557.9200000000001,很多人都會提早
557.9200000000001,559.84,好幾個月就全部都先訂好了
559.84,560.48,好
560.48,561.84,我在調查的多程中
561.84,563.44,我聽到了一件事情是這樣
563.44,565.12,像我們台灣的過去
565.12,566.0,受困的
566.0,568.24,其實嚴重的真的是會有聲明危險
568.24,569.36,像是別再叫氣觀
569.36,570.24,那邊賣掉
570.24,570.72,對不對
570.72,572.0,就算是輕微的
572.0,573.52,也沒有大家想到這麼多的簡單
573.52,574.64,有些人說立陶壞
574.64,575.52,但有些人是這樣
575.52,576.72,詐本期完他就去報警
576.72,578.4,說你有偷他的東西
578.4,580.4,讓你沒有辦法順利登記回顧
580.4,581.6,這個時候你被卡在那邊
581.6,582.9599999999999,他就說你的家人
582.9599999999999,583.84,付50萬
583.84,586.0,把你這一張合約的陪付
586.0,586.8,輕調
586.8,588.16,你才可以回顧
588.16,589.28,在這個情況之下
589.28,590.0799999999999,因為他抱歉
590.0799999999999,591.04,他說你頭前
591.04,592.0799999999999,你就只能聽他
592.0799999999999,592.64,怪怪的
592.64,593.84,大家電話電影的家人
593.84,594.52,多了現在要付
594.52,595.84,就會要錢才會掉
595.84,596.8,可是問題來了
596.8,599.04,這些人會去到國外工作
599.04,600.16,不管是什麼情況
600.16,601.6,一定是需要錢
601.6,602.56,所以才會相信
602.56,603.36,在國外
603.36,604.24,必須這麼高
604.24,605.84,我在那邊好好地打工
605.84,606.96,我一定可以存到錢
606.96,608.5600000000001,我也可以讓我家人付的好年
608.5600000000001,609.76,才會去到國外
609.76,610.5600000000001,結果去了
610.5600000000001,611.2,全部都要錢
611.2,612.96,還要被人數的35萬
612.96,614.72,基本上這就是一個綁票
614.72,615.76,你也抓不到這個人
615.76,616.88,當你得警察又不綁
616.88,618.0,你因為你又不通
618.0,619.2,被困在那個地方
619.2,620.88,你每一天不敢做什麼
620.88,622.08,因為你想要的是
622.08,622.96,活下去
622.96,623.84,你想要的是
623.84,624.88,還能夠回到家
624.88,626.0,見到自己的家人
626.0,626.88,見到自己的愛
626.88,627.6,你想要的是
627.6,628.72,還能夠吃到下一層
628.72,629.6800000000001,看到明天太陽
629.6800000000001,630.96,他們真的是看到
630.96,631.9200000000001,有些人被賣掉
631.9200000000001,632.5600000000001,因為被打
632.5600000000001,633.9200000000001,在恐懼之中
633.9200000000001,634.72,被控制
634.72,636.32,在一個這樣子的情況之下
636.32,638.0,他們是不敢做出什麼反卡
638.0,640.08,因為二十禮比他們強大太多
640.08,641.0400000000001,我像我們這個女生
641.0400000000001,642.08,太太死就不說
642.08,643.2800000000001,想要照過我自己家人
643.2800000000001,644.4000000000001,想要照過我自己愛人
644.4000000000001,645.7600000000001,他們是為了這一些
645.7600000000001,646.5600000000001,他們才過去
646.5600000000001,647.36,被反國來
647.36,648.4000000000001,照過我一行
648.4000000000001,649.36,我就覺得
649.36,650.8000000000001,真的是
650.8000000000001,651.7600000000001,我天了
651.7600000000001,653.0400000000001,這個保護我們的行程
653.0400000000001,654.6400000000001,真的是需要每一個人
654.6400000000001,655.7600000000001,提醒生命的
655.7600000000001,657.6800000000001,幫忙分享出去給你的親友
657.6800000000001,658.72,讓大家小心
658.72,659.9200000000001,我們現在就是
659.9200000000001,661.5200000000001,我就繼續找防禦律官
661.5200000000001,662.1600000000001,找到的話
662.1600000000001,663.2800000000001,我在那邊跟你們分享一下
663.2800000000001,665.0400000000001,這件事情說的流程
665.04,666.48,為什麼這些也會上當
666.48,667.52,我們先繼續找了
669.92,671.12,靈靈靈給你負責
671.12,671.52,喂
671.52,671.68,大家好
671.68,672.48,我是求了一下
672.48,673.4399999999999,你最後一塊
684.3199999999999,684.9599999999999,YES
685.4399999999999,686.24,OK
686.24,687.28,解決了
687.28,688.64,機票也定好了
688.64,689.5999999999999,而且這個還好
689.5999999999999,690.64,今天11號
690.64,692.0799999999999,13號晚上
692.0799999999999,693.12,他們就到台灣
693.12,694.48,這兩個人是確認一下
694.72,696.0,現在在防禦律官
696.0,697.12,真的很敢對
697.12,697.84,最快
697.84,698.32,最便宜
698.32,699.9200000000001,那你都晚上有100塊
699.9200000000001,701.2,然後20號前就
701.2,702.5600000000001,可是他在那位有一些
702.5600000000001,703.28,透過各種
703.28,704.08,我們已經去問
704.08,705.28,今天最便宜的
705.28,706.4,一天來要兩千
706.4,707.44,我們還是感謝
707.44,708.5600000000001,所有網友
708.5600000000001,709.2,不管是
709.2,710.32,反電的街路
710.32,711.36,在 Dubai當地
711.36,712.32,幫忙換費
712.32,713.28,幫忙去比
713.28,714.24,四款去比
714.24,715.04,去當論
715.04,716.4,我們還感謝每一個
716.4,718.0,終於可以追到條
718.0,719.6800000000001,現在的一吹電鐵玩家才有問題
719.6800000000001,722.0,我現在好好地跟大家解釋一下
722.0,723.04,他們這整個手法
723.04,724.32,你們現在問這題
724.32,725.2800000000001,聽完之後
725.2800000000001,726.1600000000001,自己小心
726.1600000000001,727.6800000000001,也讓你們設備的朋友小心
727.6800000000001,728.6400000000001,就是
728.6400000000001,729.44,在台灣
729.44,730.08,有一個人
730.08,730.8000000000001,專門就
730.8000000000001,732.1600000000001,把你賣過去
732.1600000000001,733.7600000000001,那為什麼要把你們賣過去
733.7600000000001,735.2800000000001,到底你們去下做事
735.2800000000001,736.32,他們是一定要叫我
736.32,736.96,第一案可以
736.96,737.36,跟那個
737.36,738.5600000000001,全部都是在那裡
738.5600000000001,740.8000000000001,突破可能有上百家的地方
740.8000000000001,741.6800000000001,那就是叫你做
741.6800000000001,743.0400000000001,詐騙體穿的小別人
743.0400000000001,744.6400000000001,透過一些社群平台
744.6400000000001,745.6800000000001,多一些廣告
745.6800000000001,746.96,用一些的漂亮女生
746.96,747.7600000000001,做一些圖片
747.7600000000001,748.8000000000001,吸引別人身
748.8000000000001,749.7600000000001,然後看到聊天
749.7600000000001,750.8000000000001,說要約會的話
750.8000000000001,751.84,要完成任務
751.84,752.96,等一下再看頭前
752.96,754.0,阿彈越多
754.0,756.0,永遠都變化發現令出來
756.0,757.2800000000001,結果以前的天空的時候
757.2800000000001,758.48,他就像是不見
758.48,760.5600000000001,現在非常多
760.5600000000001,761.6800000000001,像這樣子的手法
761.6800000000001,762.88,你現在上一一四
762.88,763.84,跟英人令
763.84,764.96,抬居的現動
764.96,765.6,因為P4的時候
765.6,767.76,原來看到非常多類似像像是的
767.76,768.32,是圈
768.32,770.08,他應該有講的電話輪廚
770.08,770.88,他就說
770.88,772.4000000000001,他們是動敗
772.4000000000001,773.76,為一合法的
773.76,774.72,為一口死
774.72,776.24,我現在要解釋一下
776.24,777.52,不少現場為一公司
777.52,778.96,就會像秋之者
778.96,780.8000000000001,全程自己就有很多法
780.8000000000001,782.72,而且大力不要把自己死
782.72,783.76,阿彈越多
783.76,784.96,關方合作我版
784.96,785.6800000000001,但是
785.6800000000001,787.84,根據阿彈越新法第四
787.84,789.36,百一四下為你
789.36,790.88,大功活內
790.88,793.2,眼鏡任何新四的圖國新為
793.2,794.0,為者
794.0,795.12,兩年圖形
795.12,795.84,也就是說
795.84,796.48,今天
796.48,797.44,你在圖吧
797.44,798.24,我跟你堵
798.24,799.36,第二年你們要追蹤
799.36,799.6,好嗎
799.6,799.6800000000001,好嗎
799.6800000000001,800.08,好嗎
800.08,800.48,好
800.48,801.52,警察現在聽到
801.52,801.6800000000001,好
801.6800000000001,802.48,他們要插
802.48,802.72,來
802.72,803.84,這選大家去
803.84,805.2,我會去關個兩年來說
805.2,806.1600000000001,台灣人真好
807.52,808.1600000000001,我是什麼人
808.1600000000001,808.96,你什麼人
808.96,810.48,這黑人愛起來了嗎
810.48,810.96,還是
810.96,811.2,還是
811.2,811.52,對
811.52,812.32,對
812.32,813.84,反正就是任何型式的
813.84,815.2,國語他競子嗎
815.2,815.5200000000001,好
815.5200000000001,816.24,反正
816.24,816.96,他們說
816.96,818.1600000000001,一票公司當你說
818.1600000000001,819.6,一秒都幫你打好
819.6,820.8000000000001,不用會英文
820.8000000000001,822.08,不用會阿波文
822.08,823.2,只要會中文
823.2,824.48,就可以禮到高興
824.48,826.0,一開始都是錢
826.0,827.2800000000001,然後再上去推薦錢
827.2800000000001,828.1600000000001,他會跟你說
828.1600000000001,830.0,不會過手你的護照
830.0,831.2800000000001,但是會幫你辦那個
831.2800000000001,832.72,絕對不是搞過錢
832.72,834.5600000000001,絕對都是旅遊錢
834.5600000000001,835.44,一到那邊
835.44,837.12,你就會被一個司機接走
837.12,838.1600000000001,再抽上一年時
838.1600000000001,839.2,因為社會和人民想
839.2,839.7600000000001,很沒有
839.7600000000001,840.5600000000001,新社會就
840.5600000000001,841.44,兩萬一才化了
841.44,842.5600000000001,而且還要靠一些
842.5600000000001,844.0,你們在住宿的費用
844.0,845.36,然後也不知道要被補充
845.36,846.24,他會騙你說
846.24,848.24,因為我要改他們的生氣工作
848.24,848.6400000000001,錢了
848.6400000000001,850.0,所以補充在等我
850.0,851.5200000000001,明天半個就反對你
851.5200000000001,853.2,一交出去去去那種玩法
853.2,853.84,他就說
853.84,854.8000000000001,他們的手法
854.8000000000001,855.5200000000001,就讓你簽給你
855.5200000000001,856.5600000000001,都一交同貸易貧
856.5600000000001,857.84,簡單是最簽合約
857.84,858.96,然後簽了這個合約
858.96,860.32,你跟每一個拿這個簽
860.32,861.5200000000001,拿到錢的是誰
861.5200000000001,862.6400000000001,是在台灣
862.6400000000001,864.48,把你賣過去的那個東西
864.48,865.2,現在前面就有
865.2,866.72,我講一個叫業文局
866.72,867.6800000000001,現在在工作
867.6800000000001,869.2800000000001,社群一定被人家爆掉出來
869.2800000000001,870.8800000000001,可是這個人現在也在台灣的
870.88,872.64,有好幾個類似像這樣的攻擊
872.64,873.84,他們沒有辦法在台灣
873.84,875.04,有街頭的話
875.04,876.96,他們就會把你部分的一個
876.96,879.4399999999999,讓你給現在台灣想的賺錢是年輕人
879.4399999999999,880.96,你才幫我照片的同學
880.96,882.64,可能有去陸拜大公
882.64,883.76,我就給你五千點
883.76,885.12,你一萬點一百萬
885.12,886.88,那可能會想說會會因為你嗎
886.88,888.16,可是你的可能要過去
888.16,889.4399999999999,可能會被電影上電
889.4399999999999,891.28,會被前下一個不合理的老闆
891.28,893.28,會被三到門進屬住在裡面
893.28,894.96,女生可能會被賣出去賣贏
894.96,895.92,他們跑的話
895.92,897.2,自由可能會做掉
897.2,897.76,來啊
898.8,900.48,如果要走的話
900.48,904.24,要先陪給公司大約十萬人的禮品
906.16,907.84,幾票才亂的了
907.84,908.64,賺不計
908.64,909.84,要請不死亡就好了
909.84,911.04,他開始死亡的禮品
911.04,911.9200000000001,接5倍
911.9200000000001,913.6800000000001,各位的那個人是很年輕人
913.6800000000001,915.04,人家有聽幾棒啊
915.04,916.24,人家可以跟警察買
916.24,917.12,那不關西亞
917.12,918.32,你要是長得漂亮一點
918.32,919.04,你一萬半的
919.04,920.24,我就不要問你過去
920.24,922.0,你中一隻能動體產化
922.0,922.88,亂的亂的
922.88,924.16,阿比有值色
924.16,924.88,那就還好
924.88,925.12,對
925.12,926.32,因為這就還好
926.32,926.72,對
926.72,928.08,因為這這今天就有機會
928.08,928.96,哈哈
928.96,931.52,他就是要想法這樣去把錢通出來嗎
931.52,932.1600000000001,阿比我
932.1600000000001,932.8000000000001,你沒有錢
932.8000000000001,933.6800000000001,不如你幫我騙人
933.6800000000001,934.72,讓他反正就不住了
934.72,935.36,可以騙
935.36,936.4000000000001,他能支持人
936.4000000000001,937.2,都是這樣子
937.2,938.1600000000001,對於這大約
938.1600000000001,939.2,大約是不站在那
939.2,940.72,他不是可以直接拉他錢
940.72,942.24,他就是可以去他
942.24,942.72,對
942.72,943.52,因為我都當我
943.52,944.96,我都會不會偷偷在那邊
944.96,946.08,然後你就不要開開看
946.08,946.5600000000001,不是
946.5600000000001,947.6800000000001,阿比的是看不得
947.6800000000001,948.1600000000001,我看不得不看不得
948.1600000000001,948.96,我看不得不得不得
948.96,949.44,我來
949.44,950.24,來來來來
950.24,950.72,來
950.72,951.44,你看
951.44,951.9200000000001,等一下
951.92,952.64,你自己很厲害
952.64,953.8399999999999,我現在應該太人家
953.8399999999999,954.4,還是你
954.4,955.52,不太
955.52,956.24,真的
956.24,957.12,太過人
957.12,957.8399999999999,不太小
957.8399999999999,959.04,你也沒有想到
959.04,960.4799999999999,你知道更多的細節
960.4799999999999,961.04,我說真的
961.04,961.68,其實
961.68,962.8,你們打開來
962.8,964.24,真的是隨便查
964.24,964.88,都有
964.88,968.0,度拜無以十萬高興增財
968.0,968.88,不多人抱歉
968.88,969.5999999999999,求元
969.5999999999999,970.7199999999999,也有一些好會的人
970.7199999999999,971.92,你讓我們上升相
971.92,972.88,他說這個
972.88,974.88,Arike來上面叫做Arike
974.88,975.1999999999999,來
975.1999999999999,976.0,這裡女王也有
976.0,976.88,這個Arike
976.88,978.0,我們這次受害者
978.0,978.88,所以到Arike
978.88,980.0,這次差不多
980.0,982.0,他們也有人要人多有機
982.0,982.64,這個人
982.64,983.52,不再談玩
983.52,984.8,他會不會有很多
984.8,985.6,可能也不知道是
985.6,987.28,你想想他的人就會有辦法
987.28,989.44,假的一定是不就會被我自己接找
989.44,991.04,他會有遊戲跟你說
991.04,991.36,欸
991.36,992.08,不對啊
992.08,993.36,你怎麼給他接走了
993.36,994.24,那不是我
994.24,995.6,只要快有了啦
995.6,996.0,對啊
996.24,997.62,棒枕
997.7,1000.1,真的是
1000.12,1001.58,太空平
1001.58,1002.46,一直在破島
1002.46,1003.26,一直追靠
1003.26,1003.8,我膕了
1003.8,1004.94,聽太好
1004.94,1005.12,剛剛握 road
1005.12,1006.44,因為他們又還ело
1006.44,1007.1,他也扮宣
1007.1,1008.46,因為他只從派著
1008.46,1009.44,你好
1009.44,1009.48,好
1009.48,1010.98,我們就要跟 الله
1010.98,1011.76,這個人 열� pessoas
1011.76,1012.56,冻人無樣
1012.56,1013.4,依偽
1013.4,1014.24,憲法
1014.24,1014.86,但是
1014.88,1016.0,想想 départ
1016.0,1017.44,再連都不再
1017.44,1018.42,全部幫忙
1018.42,1019.24,他想想想
1019.24,1019.36,什麼
1019.36,1019.9,沒什麼
1019.9,1020.7,希望
1020.7,1021.42,萬小
1021.42,1021.64,來
1021.64,1022.62,你
1022.62,1023.24,個人
1023.24,1024.0,都跟你
1024.0,1025.58,不
1025.58,1053.0,我玩住那麼 suffers
1053.0,1054.46,你信給你演權告別人來
1054.46,1055.64,你幫你一定要
1055.64,1056.8,好會恐嚇你
1056.8,1058.1,你們的這個阿里
1058.1,1059.6,你們兩個是不是要跑路了
1059.6,1061.4,你們要是想要解決這個事情
1061.4,1062.7,你們一定要有辦法
1062.7,1064.0,你們今天還不聯繫
1064.0,1065.4,我不知道不用舉個
1065.4,1066.6,我要幫你補造了
1066.6,1069.2,大家不要覺得這個女生回來
1069.2,1070.4,你去別有的嗎
1070.4,1072.4,你見有些人是真的回不了
1072.4,1074.4,要去之前你要去出來的家
1074.4,1076.2,你們有一些朋友
1076.2,1076.8,情緒
1076.8,1077.9,我朋友朋友
1077.9,1079.2,其實資源有點不好
1079.2,1081.2,真的不然你發言是很情緒
1081.2,1083.2,你是有的可以照顧
1083.2,1084.54,現在我公共有發達的
1084.54,1086.0,先提一些做法做的
1086.0,1087.2,已經也不能說
1087.2,1088.8,去突發了工作就一定不好
1088.8,1090.0,我們這次也真的是有
1090.0,1092.0,戰彈者女人幫我們把的救援
1092.0,1093.5,他也是有夠看一個取不去
1093.5,1096.7,有300多台位人戰彈的公作人
1096.7,1098.6000000000001,是不是大家可以更小心
1098.6000000000001,1100.4,這一點因為疫情的關係
1100.4,1102.6000000000001,其實說戰彈性很非常的強劇
1102.6000000000001,1103.8,各種手法公園
1103.8,1105.44,你覺得他感覺就不像是有劾
1105.44,1106.8,這切多的劾力
1106.8,1107.5,可是
1107.5,1110.0,各位你要知道他就是要很可憐
1110.0,1111.4,他就是要很承認
1111.4,1112.7,他就是要讓你覺得他不是
1112.7,1114.0,三個集團他變得弄了
1114.0,1116.4,你們將能繼續評供一些性就好
1116.4,1117.44,我希望就不會有
1117.44,1118.9,阿倫為你為你
1118.9,1120.9,你也不是什麼特殊的工程師
1120.9,1122.9,厲害的什麼專實人員
1122.9,1123.5,為什
1123.5,1125.3,你可以給我一個來什麼
1125.3,1126.0,看這幫人家
1126.0,1127.4,我最居住會就好
1127.4,1128.6,我現在在拍影片幹嘛
1128.6,1131.2,所有的環節其實你們只要認真去想
1131.2,1132.4,上個查一下
1132.4,1133.8,到底能不能發
1133.8,1135.0,類似像這樣的工作
1135.0,1136.6,我已經讓你們知道說的什麼
1136.6,1137.6,我說環節人
1137.6,1138.4,你怎麼一看得到
1138.4,1139.8,讓你思考一下
1139.8,1141.0,這邊也麻煩大家
1141.0,1142.3999999999999,我把影片給你們
1142.3999999999999,1143.3999999999999,針面輕鬆了
1143.3999999999999,1144.3999999999999,也許是人
1144.3999999999999,1146.1,我連家人都給你地面的人
1146.1,1147.5,真的要去國外工作
1147.5,1148.5,先去看一下
1148.5,1149.2,了解清楚
1149.2,1151.3,如果你們的關係太有了的話
1151.3,1152.2,幫我歡迎一下
1152.2,1153.0,讓他們知道
1153.0,1154.8,因為張綿姐的準備要開探探國訓
1154.8,1156.2,按鈕如果我們還好的話
1156.2,1157.2,也有
1157.2,1158.2,混蛋
1158.2,1158.7,好不好
