0.0,2.0,狗天老大去麥當勞的時候
2.0,3.44,看見一個奶奶
3.44,5.04,牽著一個孫子走進來
5.04,7.28,來他們點了一個套餐一起吃
7.28,9.040000000000001,感情是相當的融洽
9.040000000000001,12.08,後來又因為孫子想要吃蘋果派
12.08,14.72,結果奶奶用去這個派對是在滿
14.72,16.72,真的是非常的遲想
16.72,19.36,但是到後來我聽到這個小孩
19.36,20.56,靠近奶奶的手說
20.56,22.56,奶奶你身上怎麼偷偷的
22.56,23.68,不要給你抱
23.68,25.2,我看著奶奶的臉胖
25.2,27.68,它是有點尷尬又有點難過
27.68,28.96,所以我知道
28.96,30.560000000000002,家裡沒有這個主題
30.560000000000002,32.4,我是必定要拍啦
32.4,33.44,那個故事怎麼
33.44,34.24,又抱歉了
34.24,36.4,沒有 要抱點是不是
36.4,37.6,後來那個孫子
37.6,38.24,不是
38.24,40.24,後來孫子吃完蘋果派之後
40.24,41.92,又想再喝一個可樂
41.92,43.6,奶奶遲遲不動身
43.6,44.480000000000004,你知道為什麼
44.480000000000004,46.88,他媽是要不要給啊
46.88,48.16,他媽是要不要給你
48.16,50.96,然後後來奶奶有一天又不見了
50.96,52.56,然後孫子突然就
52.56,54.32,被從中來寫了一首歌
54.32,57.36,馬里金馬迪多維
59.84,61.52,要
61.52,63.120000000000005,我是寫好了
63.120000000000005,64.8,你因為我有一天都會老
64.8,66.4,隨著年齡逐漸
66.4,67.12,見真
67.12,68.4,無可避免的
68.4,70.72,脾指當中有兩樣東西
70.72,71.6,一個叫做
71.6,73.12,好中旅遊船
73.12,74.24000000000001,另外一個叫做
74.24000000000001,75.92,過養化指指
75.92,77.36,同時都會增加
77.36,79.04,而這兩樣物質
79.04,80.48,經過空氣當中
80.48,82.08,戲劇養化分解之後
82.08,83.84,就會在我們的皮膚上面
83.84,85.04,產生一種東西
85.04,87.2,叫二任習全的物質
87.2,88.8,這個就是老人味
88.8,90.39999999999999,家靈醜的來源
90.39999999999999,91.28,這種味道
91.28,93.28,他特別會從你的嘴巴
93.28,96.24,還有你脾指現很旺盛的區域
96.24,97.44,耳厚
97.44,98.24,一下
98.24,100.96,甚至是一些皮膚上的皮膚的裡面
100.96,102.0,上發出來
102.0,102.8,當然
102.8,105.44,家靈醜其實有20%的人
105.44,106.8,他不見的是老人
106.8,108.32,特別34歲
108.32,110.96,男生也很容易有老人味
110.96,111.84,這一集
111.84,113.12,小黑天的是
113.12,114.47999999999999,格外的用心
114.47999999999999,116.08,你是本身有這麼問題的
116.96,117.75999999999999,家靈醜
117.92,119.36,他不只是因為年紀
119.36,120.16000000000001,飲食
120.16000000000001,121.36,生活壓力
121.36,122.56,習慣
122.56,123.92,全都會導致
123.92,126.24000000000001,人習全的產生
126.24000000000001,127.60000000000001,當然這一類的人
127.60000000000001,129.76,他不是因為自己不洗澡
129.76,132.08,而是因為自己聞不到
132.08,133.36,身上的意味
133.36,135.6,甚至其實連這種味道
135.6,137.84,洗澡都很難感善
137.84,139.76,所以非常容易影響
139.76,141.92000000000002,人際造成困擾
141.92000000000002,142.96,今天起老大
142.96,144.8,就從四個方面
144.8,145.92000000000002,飲食
145.92000000000002,147.12,洗澡的蜜絕
147.12,148.4,中藥很穴道
148.4,149.6,來告訴大家
149.6,151.84,兩週改善導人味
151.84,154.08,家靈醜的辦法
154.08,154.44,來
154.44,156.24,逆轉家靈醜的蜜絕醫
156.24,157.92000000000002,叫做洗澡羽
157.92000000000002,158.6,保養
158.6,159.44,幾個地方
159.44,160.24,脖子
160.24,161.20000000000002,耳後
161.20000000000002,162.0,頭頂
162.0,163.20000000000002,這些地方皮質
163.20000000000002,164.64000000000001,限分蜜很旺盛
164.64000000000001,165.20000000000002,請你
165.20000000000002,167.6,一定一定要仔細地去清洗
167.6,170.08,然後木育如你也盡量去選擇
170.08,171.76,控油力好一點的
171.76,172.72,再來衣服
172.72,173.76,當然要選的是
173.76,174.32,頭氣
174.32,175.12,排汗的
175.12,176.0,不然我告訴你
176.0,177.52,悶著老人味
177.52,178.96,會更加的沉重
178.96,180.24,然後綿背套
180.24,181.36,整頭套
181.36,182.0,每個禮拜
182.0,183.36,盡量的去換洗
183.36,185.84,水也一定要喝夠2000cc
185.84,188.16,再加上一些適量的運動
188.16,190.16,雖然這些是老生常態
190.16,192.88,但對於排除體內的毒素
192.88,194.64,調理你的皮質限
194.64,195.76,非常的重要
195.76,197.6,然後再教大家一招
197.6,200.0,非常好用的泡澡棒
200.0,201.36,準備的材料有
201.36,202.56,霍香兩千
202.56,203.68,橘皮兩千
203.68,204.72,黑蘭一千
204.72,206.64,以及我們的貴子兩千
206.64,208.4,拿去煮水
208.4,209.76,300cc之後
209.76,210.48,對水
210.48,211.6,然後你去洗澡
211.6,214.16,這樣就可以去改善你的提臭
214.16,215.6,排除你的失氣
215.6,217.04,加強你的代謝
217.04,220.16,基本上一週你泡個一兩次
220.16,222.24,它對於改善加靈抽
222.24,223.68,就非常非常有效
223.68,224.48,但記得
224.48,226.4,你不要以為泡澡
226.4,227.52,10月燙月
227.52,228.0,不用
228.0,230.24,大概去調到40度左右就好
230.24,231.68,不然泰熱
231.68,234.16,不僅僅是會刺激你的皮質
234.16,235.12,過度出油
235.12,236.16,造成抽味
236.16,238.07999999999998,你還有可能會變成
238.07999999999998,240.24,一條關東族裏的主輪
240.24,240.96,好長後
240.96,242.64,你也要記得去買一些
242.64,244.72,適合自己複製的主義
244.72,245.76,保濕好
245.76,247.51999999999998,但不要太油的
247.51999999999998,247.76,好
247.76,249.28,這樣是改善乾燥
249.28,249.92,我要掉血
249.92,250.64,減少
250.64,252.8,因為細菌產生的抽味
252.8,253.2,再來
253.2,254.48,逆轉加靈抽的
254.48,257.04,密絕之二叫飲食調整
257.04,258.24,在中醫上來講
258.24,259.44,有加靈抽的人
259.44,261.44,通常它的體質
261.44,264.32,是比較偏向是濕熱型的
264.32,266.71999999999997,所以你可以去透過飲食
266.71999999999997,267.44,退火
267.44,268.16,清熱
268.16,269.12,儲食
269.12,270.4,絕對就是改善
270.4,272.64,加靈抽最簡單的辦法
272.64,273.44,首先
273.44,274.64,泰甜的食物
274.64,276.4,還有太重口味的食物
276.4,277.6,你盡量要少吃
277.6,279.6,例如說一些甜的飲料
279.6,280.48,韓國
280.48,281.68,巧克力
281.68,282.8,蛋糕等等
282.8,284.64,鹽薯雞麻辣鍋
284.64,286.08,這個蔥辣
286.08,287.84,韭菜 蒜頭等等
287.84,290.96,這些都是會引起你身體的食物
290.96,292.79999999999995,只要身體肺物一變多
292.79999999999995,293.84,你的體味
293.84,295.76,愛就一發不可受死
295.76,297.44,你可能會說腰許味
297.44,298.79999999999995,這些東西不吃
298.79999999999995,300.08,單吹直接把我送到
300.08,302.32,火光山或者少林士比較快
302.32,302.96,好吧
302.96,304.08,既然不吃
304.08,304.71999999999997,很難
304.71999999999997,306.08,那我們換一個方法
306.08,306.79999999999995,你記好
306.79999999999995,308.4,以下食物多吃
308.4,309.28,你的味道
309.28,311.2,就會逐漸地清新
311.2,312.08,來第一個
312.08,314.32,多吃清熱儲食的東西
314.32,315.35999999999996,例如說一些
315.36,316.64,遇到紅豆
316.64,317.6,黑豆
317.6,319.6,東瓜絲瓜苦瓜
319.6,320.0,這個
320.0,322.32,芹菜藝人三藥等等
322.32,323.92,這些東西
323.92,326.24,是可以有助於蓋上體味的
326.24,327.68,原廠一個禮拜
327.68,328.32,每一種
328.32,330.0,就想辦法各吃一次
330.0,331.6,除了不加糖的紅豆湯
331.6,332.88,遇到藝人湯
332.88,334.32,或者是晚上
334.32,335.92,這個中間的絲瓜湯
335.92,337.36,炒個芹菜等等
337.36,339.36,透過清熱儲食
339.36,341.68,你的老人味就會大幅下降了
341.68,343.28000000000003,再來第二個要多吃的東西
343.28000000000003,344.8,叫維他麵C1
345.76,347.68,因為他可以調理身體的技能
347.68,350.24,幫助你皮脂的一些帶線
350.24,351.36,就可以改善
351.36,353.28000000000003,身上的一些意味
353.28000000000003,354.56,那些食物
354.56,355.76,乾菊類的
355.76,356.72,奇異果
356.72,357.6,芭樂
357.6,358.32,海帶
358.32,358.96000000000004,菊菜
358.96000000000004,359.76,南瓜
359.76,360.8,南梅人等
360.8,362.0,再來第三個食物
362.0,363.12,叫喝綠茶
363.12,364.32,綠茶除了可以拿來
364.32,365.6,馬人很表之外
365.6,367.2,其實它裡面一種成分
367.2,367.76,非常厲害
367.76,369.04,叫合茶素
369.04,370.24,換解體味
370.24,371.44,清除肺物
371.44,372.8,但是你要記得
372.8,374.8,必須要喝無糖的
374.8,376.56,不然甜的綠茶
376.56,378.16,除臭不疼
378.16,380.8,反而增加體內的糖濕
380.8,382.0,你有可能會更臭
382.0,384.72,再來逆轉加林湯的秘訣之三
384.72,386.48,叫做中藥茶引
386.48,387.92,身為中醫大使
387.92,389.92,傳統醫學的促勇者
389.92,392.08000000000004,YouTuber借的原子單當
392.08000000000004,393.28000000000003,我們可以跟人家的嗎
393.28000000000003,393.92,對
393.92,395.28000000000003,這個不要臉置成了
395.28000000000003,395.76,好不好
395.76,398.56,如果你是想要改善加林湯的話
398.56,400.24,調理濕熱體質
400.24,402.40000000000003,中藥的茶引絕對是最好的辦法
402.47999999999996,403.76,來準備的材料有
403.76,405.12,橘花不合
405.12,406.0,玫瑰花
406.0,406.88,陳皮
406.88,407.67999999999995,霍香
407.67999999999995,409.67999999999995,以上這些東西放在小布包裡
409.67999999999995,412.64,然後我們同時拿一包綠茶的茶包
412.64,414.64,用500cc的熱水劇組
414.64,416.23999999999995,水滾之後轉小火
416.23999999999995,418.15999999999997,再煮10分鐘就可以喝
418.15999999999997,419.2,當然更簡便
419.2,421.03999999999996,音學的方法就是你直接
421.03999999999996,423.2,用保溫品用最熱的熱水
423.2,424.96,去瞞泡它20分鐘也可以
424.96,426.79999999999995,一天只要你喝一杯
426.79999999999995,428.96,改善的效果就非常非常好
428.96,429.84,為什麼呢
429.84,431.76,橘花可以清熱解讀
431.76,433.76,不合可以舒風清熱
433.76,436.0,玫瑰花可以見皮降火
436.0,437.92,陳皮可以照師去味
437.92,439.59999999999997,霍香方香
439.59999999999997,440.48,化濕
440.48,441.64,再加上剛剛講過
441.64,443.03999999999996,綠茶裡面的兒茶素
443.03999999999996,443.64,我告訴你
443.64,445.44,不只能改善加林湯
445.44,447.03999999999996,連湖湊和湊
447.03999999999996,449.28,全部都給它全面的改善器
450.08,451.59999999999997,保譽保譽給冰乾喝
453.59999999999997,455.2,講到這個我就想到一個故事
455.2,457.52,我以前有一個這個蠻好的小學同學
457.52,459.03999999999996,他本身是游性阻止的
459.03999999999996,459.92,大家都一堆
459.92,461.52,而死都是死死的
461.52,463.68,平常他就洗完喝一些酒
463.68,464.71999999999997,吃一點燒烤
464.71999999999997,466.0,喝一點麻辣過
466.0,468.4,年紀輕輕的就有胡抽味
468.4,470.0,到了30歲之後
470.0,472.0,加林湯更嚴重
472.0,473.68,所以害他一直單身
473.68,474.47999999999996,你知道嗎
474.47999999999996,476.32,結果他聽了我的辦法之後
476.32,478.88,不疑由他聯合了一個月之後
478.88,481.12,現在他教了一個日本的女友
481.12,483.52,每天在IG上面給我賽恩海
483.52,486.08,看了之後我真的是算是蠻幸迴的
486.08,486.64,會有效
486.64,487.44,真的
487.44,488.0,當然
488.0,490.15999999999997,但是也是因為那個日本妹
490.15999999999997,491.12,剛好有
491.12,492.08,過敏性異言
492.08,493.36,我們談到的關係
493.36,494.24,好
494.24,495.36,可能你就有什麼關係
495.36,496.48,每個都有相
496.48,497.76,五相成好不好
497.76,499.76,幹什麼東西亂七八八
499.76,500.24,好啦
500.24,501.6,不要亂講
501.6,503.2,茶飲是絕對有效的
503.2,504.64,只要你乖乖喝
504.64,508.0,至少能夠改善你60%以上的症狀
508.0,509.12,絕對沒有問題
509.12,510.32,你們試試看
510.32,510.84000000000003,再來
510.84000000000003,512.96,逆轉加林湯的秘訣之事
512.96,514.48,叫血到暗魔
514.48,516.48,有三個血到對於加林湯
516.48,518.24,非常非常的厲害
518.24,520.0,現在你們把它記起來
520.0,520.96,勞工血
520.96,523.0400000000001,風龍血以及驅遲血
523.0400000000001,523.9200000000001,位置
523.9200000000001,525.2800000000001,我都幫你們上好了
525.2800000000001,526.64,你們可以自己解除
526.64,528.48,風龍血能夠化石
528.48,529.44,去談
529.44,530.8000000000001,驅遲血
530.8000000000001,532.4000000000001,親熱解毒
532.4000000000001,534.4000000000001,勞工血能夠
534.4000000000001,536.8000000000001,調理你體內的循環
536.8000000000001,538.1600000000001,降低火氣
538.1600000000001,538.48,好
538.48,539.52,三個血到
539.52,540.96,每一天各自暗魔
540.96,542.32,他兩到三分鐘
542.32,545.0400000000001,暗到稍微微酸就可以
545.0400000000001,545.6,管理啊
545.6,547.36,什麼加林湯都可以改善
547.36,548.48,不管有加林的
548.48,549.2,林加林的
549.2,550.08,陳加林的
550.08,551.2800000000001,許家印也可以
551.2800000000001,552.72,因為林職有點像
552.72,553.2800000000001,好不好
555.2800000000001,556.4000000000001,千多可以按
556.4000000000001,557.6,免錢又要方便
557.6,559.2800000000001,效果預計吧
559.2800000000001,559.76,好啦
559.76,560.96,以上四個秘訣
560.96,562.48,你們都學起來了嗎
562.48,562.64,好
562.64,563.6,雖然加林湯
563.6,565.2,他不是一種病
565.2,568.1600000000001,但是往往很容易去影響到
568.1600000000001,570.08,人際關係和自信
570.08,571.0400000000001,相信老大
571.0400000000001,571.64,乖乖
571.64,573.2800000000001,你去做一個月
573.2800000000001,573.44,好
573.44,575.2,效果你一定能看得到
575.2,576.24,我是奇奇老大
576.24,577.6800000000001,分享訂閱留言
577.6800000000001,578.88,我們下次見
578.88,580.4,你覺得派加林湯這個主題
580.4,581.76,我沒有人看
581.76,583.4399999999999,不要請他們在賴循分享
583.4399999999999,584.16,對呀
584.16,586.56,你如果加理由長輩
586.56,587.76,有這個問題的
587.76,589.92,你不要直接當面就講出來
589.92,591.68,偷偷傳一個連結過去
591.68,593.04,你就放得很大聲了
593.04,594.24,對呀
594.24,595.6,加林湯改善
595.6,596.0,對呀
596.0,598.48,而且你最好不要只單傳這支
598.48,600.48,例如說你傳這支
600.48,601.84,在家企他的影片
601.84,603.68,他就會覺得他很生關係
603.68,605.28,單傳這支有點太
605.28,605.68,真的
605.68,606.32,真的
606.32,607.76,其實這條傳叫群裡面
607.76,608.96,不要單傳
608.96,610.96,可是他這樣子
610.96,613.36,就是說是你女會會有
613.36,614.96,舉行三個叫錯
614.96,616.36,做加林湯
616.36,617.76,還是太真的
617.76,618.96,好啦
618.96,619.76,啊
619.76,620.56,切記
