0.0,3.58,兩週說武光軍提子減少五趴
3.58,6.26,聽起來是不是像天放夜蘭
6.26,7.6000000000000005,不過老大告訴你
7.6000000000000005,9.1,真的不難
9.1,10.96,我自己研發的方式
10.96,13.700000000000001,最強軟人降直速
13.700000000000001,16.3,真的是讓我15點
16.3,18.3,真的從這樣變成這樣
21.1,22.8,小燕最近是不是有哪句事
22.8,23.6,沒錯
23.6,25.5,整個體力變好了之後
25.5,27.14,結果他老婆受人多
27.14,29.14,為什麼老婆沒有啦
29.14,31.04,是他自己本身也有進步
31.04,32.14,所以
32.14,34.84,拜拜兄如果害你快要起飛的
34.84,38.04,腰內肉你像手風情一樣的朋友們
38.04,40.14,無論你是23、40、40歲
40.14,42.34,這一支影片只要你看完
42.34,44.34,馬上合馬變還馬
44.34,46.14,海狗變極娃娃
46.14,48.14,輕鬆受凡天
48.14,50.14,然後老大邀請各位
50.14,52.74,一起來檢職檢飛
52.74,54.540000000000006,現在我們FB的檢飛社團
54.540000000000006,56.64,便沒不孤單老大陪你的時候
56.64,56.94,好不好
56.94,58.04,自己去加入他
58.04,59.339999999999996,找兩週的時間
59.339999999999996,60.94,大家都來記錄一下
60.94,62.14,自己的變化
62.14,64.64,好看看來你們能夠變得多席
64.64,65.53999999999999,多帥啦
65.53999999999999,68.44,來 兩週攔人降直速之一
68.44,70.14,叫檢飛查
70.14,72.14,一款非常厲害的檢飛查
72.14,73.94,已經不知道講不多少次
73.94,76.44,但是他不管是任何的
76.44,77.74,檢飛方式都可以
77.74,80.64,利用他來搭配一起做使用
80.64,83.64,真的會讓你檢飛的效果好兩倍以上
83.64,85.44,自己去中藥房買
85.44,87.64,一天就是這個幾十塊而已
87.64,88.74,非常的便宜
88.74,90.14,好溫和又有效
90.14,91.24,哪一些材料呢
91.24,92.03999999999999,玫瑰
92.03999999999999,93.03999999999999,三渣
93.03999999999999,93.84,福林
93.84,94.64,折瀉
94.64,95.64,絕名子
95.64,96.64,合夜
96.64,97.84,各五客
97.84,99.53999999999999,全部把它丟進小布包裡面
99.53999999999999,100.94,放進保溫杯裡加入
100.94,102.14,600cc的熱水
102.14,103.34,悶泡20分鐘
103.34,104.64,就可以喝啦
104.64,106.74,全體值的人都可以聚合
106.74,108.44,他可以立水消總
108.44,110.74,幫助你的這個增加代謝
110.74,112.03999999999999,促進排便
112.03999999999999,114.24,好檢職 檢飛的效果
114.33999999999999,115.53999999999999,不只是好到
115.53999999999999,117.24,會讓你下巴掉下來
117.24,118.33999999999999,連上巴
118.33999999999999,119.33999999999999,好不好都會飛行
119.33999999999999,120.24,上巴是哪
120.24,121.24,上巴是這裡
121.24,122.24,好啦
122.24,122.74,好啦
122.74,125.24,我和小爺現在真的是每天喝一杯
125.24,126.03999999999999,真的有效
126.03999999999999,127.03999999999999,而且不然
127.03999999999999,129.04,乾酸苦
129.04,130.24,那他聽起來
130.24,131.24,沒有
131.24,132.24,反正不難喝就對了
132.24,132.54,再來
132.54,133.24,兩週
133.24,134.44,懶人醬子
134.44,136.64,數之二叫運動檢職
136.64,137.34,老大適合
137.34,138.24,與切的運動
138.24,139.74,我告訴你們最簡單
139.74,141.04,最有效的檢飛
141.04,142.64,他不是游泳
142.64,143.64,不是跑步
143.64,145.04,而是快走
145.04,146.64,你去找一台跑步機
146.64,148.73999999999998,然後波度調到久
148.73999999999998,150.73999999999998,然後速度調到6
150.73999999999998,152.54,然後空附去快走30分鐘
152.54,154.64,然後一走你就這樣子快走4點
154.64,155.83999999999997,真的不會很難
155.83999999999997,156.94,腳不會很酸
156.94,159.44,一般人完全都做得到
159.44,160.94,你可能說老大
160.94,162.44,有沒有更簡單的
162.44,163.64,你要不要乾脆
163.64,164.94,把你屁股肉隔掉
164.94,166.44,然後為你麻吃
166.44,167.44,又可以變瘦
167.44,168.94,又可以學古人
168.94,169.73999999999998,很孝順這樣
169.73999999999998,170.73999999999998,不要那麼出爐
170.73999999999998,171.64,換講說
171.64,172.14,不是
172.23999999999998,174.33999999999997,真的快走就已經夠簡單了
174.33999999999997,175.64,而且尤其你
175.64,176.54,你邊走
176.54,178.14,就邊看我們的影片
178.14,179.14,然後廣告
179.14,180.14,不要不要跳過
180.14,181.54,看個兩隻
181.54,182.83999999999997,不知不覺的
182.83999999999997,184.14,我很做賺錢了
184.14,185.54,不知不覺
185.54,186.64,你就變瘦了
186.64,188.83999999999997,走完了就變瘦了
188.83999999999997,189.94,至於運動
189.94,191.73999999999998,重訊當然也很重要
191.73999999999998,192.94,這兩個禮拜
192.94,194.04,只要做的是
194.04,194.94,兇
194.94,196.44,被退
196.44,197.73999999999998,去練大集局
197.73999999999998,198.73999999999998,就夠了
198.73999999999998,201.23999999999998,因為他簡直的CP值最高
201.24,202.84,能夠去增加肌肉
202.84,204.24,這個提高代謝
204.24,205.14000000000001,加速之防
205.14000000000001,206.14000000000001,不單少
206.14000000000001,207.94,當然你要去重訊的話
207.94,209.14000000000001,練練這三個部位
209.14000000000001,211.04000000000002,當然去健身房是最好
211.04000000000002,212.54000000000002,但如果你不想花錢
212.54000000000002,213.84,或者是沒有時間
213.84,215.04000000000002,在家裡
215.04000000000002,216.64000000000001,也可以去做生棍
216.64000000000001,217.74,好棒是
217.74,218.64000000000001,土地廳生
218.64000000000001,219.94,他一樣都有效
219.94,221.54000000000002,一週反正三天
221.54000000000002,222.84,你就各練一種
222.84,223.44,好不好
223.44,225.34,一種三到五組
225.34,226.84,一組十二下
226.84,228.14000000000001,那至於棒試的話
228.14000000000001,230.94,就是你先從一分鐘開始
230.94,232.74,先求知識正確
232.74,234.94,然後你再去慢慢增加時間
234.94,236.44,兇續建議
236.44,237.24,再來
237.24,237.94,兩週
237.94,240.94,攬人降直直三叫營養品
240.94,242.74,正所謂公余三期師
242.74,244.04,必先利起氣
244.04,245.04,想要減肥
245.04,245.84,兼職效果
245.84,246.94,是更好的話
246.94,248.74,有三種營養品
248.74,249.74,你這兩個禮拜
249.74,250.74,一定要吃
250.74,251.54,第一個是什麼
251.54,252.74,魚有
252.74,254.04,很有Homeda三
254.04,255.24,什麼讓身體
255.24,256.44,這個儲存的
256.44,257.74,白色脂肪
257.74,259.24,轉為變成燃燒
259.24,260.54,能量的中色脂肪
260.54,261.44,你就會受了
261.44,263.54,然後魚有它是指容性的
263.54,264.34000000000003,所以建議
264.34000000000003,265.74,就是飯後去吃
265.74,266.34000000000003,第二個
266.34000000000003,268.54,當然就是維他命逼
268.54,269.24,必全
269.24,271.74,它是可以讓我們吃進去的糖分
271.74,272.74,什麼蛋白質
272.74,273.94,脂肪
273.94,275.14000000000004,幫助他分解
275.14000000000004,276.24,轉為能量
276.24,278.54,所以飯後吃必全
278.54,279.94,能夠加速呆血
279.94,281.14000000000004,提高精神
281.14000000000004,283.94,同時也能夠幫助健康的效果
283.94,285.54,再來第三個
285.54,286.74,它不是別人
286.74,288.14000000000004,就是我們的
288.14000000000004,288.94,拉背
288.94,289.94,超能限制
290.64,291.14,這樣
291.14,292.04,你們不要快轉
292.04,292.74,雖然這個是
292.74,294.34,老大堅持代言的品牌
294.34,296.34,但是它真的很厲害
296.34,297.74,你再不吃蔬菜
297.74,298.94,我就要生氣了
298.94,299.84,這個臉像
299.84,300.14,對
300.14,301.34,但是你不吃蔬菜
301.34,302.94,老大也會生氣
302.94,303.94,但是天天
303.94,305.74,我們現代人蘇果
305.74,307.14,哪有可能吃得夠
307.14,309.64,所以老大就給各位設計了
309.64,310.64,這一款
310.64,312.04,非常非常厲害的
312.04,313.94,還有88種蘇果
313.94,315.74,以及天然小組
315.74,317.34,還有日本的專利
317.34,318.64,30纖維等等
318.64,320.84,再加上了這個玉米虛
320.84,321.64,杜種
321.64,322.84,馬邊草
322.84,324.34,這種都是可以
324.34,326.64,幫助呆血的一些成分
326.64,327.84,早晚運動後
327.84,328.84,你去喝一包
328.84,332.14,除了能夠補足你一天的蘇果之外
332.14,334.03999999999996,還可以去促進運動呆血
334.03999999999996,336.24,條理素便排除肺物
336.24,338.24,專攻小組啤酒度
338.24,339.03999999999996,而且我告訴你
339.03999999999996,341.53999999999996,這一包真的是超級好喝
341.53999999999996,342.44,有興趣的人
342.44,344.24,我把連結擺在資訊欄
344.24,345.24,你們再自己去看
345.24,346.94,看吧
347.04,350.04,兩種男人簡直數之四
350.04,351.24,叫血刀按摩
351.24,352.04,兩個血刀
352.04,353.04,他是對於這個
353.04,354.94,簡直簡肥最有效的
354.94,355.94,耳朵
355.94,358.54,前面這個小耳朵的部分
358.54,360.14,兩邊都有這個叫做
360.14,361.34,雞點血
361.34,362.54,雞耳的雞
362.54,364.54,以前我們幫剪壯患者
364.54,365.34,也是都是
365.34,366.34,振救這裡
366.34,368.54,現在你們用按的就好
368.54,370.14,飯前半個小時
370.14,372.34,你去按摩打兩分鐘就夠了
372.34,374.14,能夠一致食譽
374.14,375.94,打開帶血的開關
375.94,377.74,簡直簡肥相當好
377.74,379.54,再來天書血
379.54,380.34,好不好
380.34,382.54,我有叫他海象客心
382.54,384.14,他是在杜奇旁邊
384.14,385.84,這兩個位置
385.84,388.14,睡前你去按摩打三分鐘
388.14,388.84,立到
388.84,389.34,好不好
389.34,391.74,稍微酸漲就夠了
391.74,394.04,你不要吃奶的力氣用下去
394.04,396.14,他能夠促進消化
396.14,396.94,改善
396.94,397.84,便祕
397.84,400.44,對於這個腰腹鬆軟的脂肪
400.44,401.74,就真的符合一壤
401.74,402.74,兩個血刀
402.74,403.94,你是自己按
403.94,404.74,老公按
404.84000000000003,406.34000000000003,或者是叫隔壁
406.34000000000003,407.74,這個小王幫你按
407.74,408.44,他都可以
408.44,409.04,好不好
409.04,409.74,再來
409.74,412.14,兩週攬人簡直數之五
412.14,413.34000000000003,叫做吃
413.34000000000003,414.44,想要受很多
414.44,416.34000000000003,所以你吃很少嗎
416.34000000000003,417.84000000000003,這個是航午季
417.84000000000003,419.64,由下來的錯誤觀念
419.64,421.44,多少朝旅從
421.44,423.74,簡肥示範的原因
423.74,425.64,攬人這樣子
425.64,428.44,其實只要注意事件事情就夠了
428.44,430.94,老大都是跟你講的是最重要的
430.94,432.24,第一叫做什麼
432.24,434.44,熱量吃到比基礎
434.44,435.84,帶一些綠低
435.84,438.14,200左右就好了
438.14,438.64,為什麼
438.64,440.34,吃太多你是不可能會受
440.34,442.04,但是吃太少
442.04,443.74,牛肉會讓身體
443.74,445.14,去開啟一種
445.14,447.04,結能省電模式
447.04,448.34,那你帶一些變差
448.34,449.74,你就會越來越胖了
449.74,450.34,再來
450.34,453.14,蛋白質和蔬菜一定要吃夠
453.14,454.14,蛋白質吃多少
454.14,455.34,吃到挺重
455.34,458.34,去成語1到1.5的克術
458.34,459.84,例如說60公斤的
459.84,462.74,你就去吃60到90克
462.74,463.74,因為蛋白質
463.74,465.54,它是真的能夠去合成
465.54,468.34000000000003,你的肌肉去促進你的代謝
468.34000000000003,469.54,再來蔬菜
469.54,471.14,你再不吃蔬菜
471.14,472.64,我又要生氣了
472.64,473.84000000000003,看我又要真的是
473.84000000000003,475.54,要再提醒一次
475.54,476.54,真的是
476.54,479.34000000000003,如果你不去和這個超能仙致的話
479.34000000000003,480.64,那也沒關係
480.64,481.14,好不好
481.14,482.14,點多就是
482.14,483.74,我發不足點鐘
483.74,484.44,沒有啦
484.44,485.84000000000003,我也因為這樣子好不好
485.84000000000003,487.74,如果你真的不合超能仙致
487.74,488.34000000000003,也沒關係
488.34000000000003,490.44,但你蔬菜一定要吃夠
490.44,491.44,吃到多少
491.44,494.84,一天起碼要這個250克左右
494.84,495.74,大概就是多少
495.74,496.84,6個拳頭
496.84,498.34,6個拳頭以上
498.34,498.84,好不好
498.84,500.24,這樣子你的蘇果量
500.24,501.84,才能真正做到
501.84,502.84,清楚肥乎
502.84,504.04,加速難死
504.04,506.34,再來第三個飲食的要點叫
506.34,507.14,拜託
507.14,509.84,不要完全的階段墊粉
509.84,511.34,因為當你墊粉太少
511.34,513.84,你的皮位一定會氣虛
513.84,516.34,氣血會虧虛的結果
516.34,517.94,你很容易就是掉發
517.94,519.54,你很容易就是憂鬱
519.54,521.34,你很容易就是經濟的大亂
521.34,523.24,你很容易就是減肥之後
523.24,524.74,你會非常容易富怕
524.74,526.5400000000001,那到底什麼墊粉要吃
526.5400000000001,527.44,好無骨啦
527.44,528.24,也賣啦
528.24,530.24,這個超米地瓜啦
530.24,531.14,喬賣麵
531.14,532.44,馬鈴薯香蕉
532.44,534.24,甚至其實白飯
534.24,535.74,它都是可以的
535.74,538.34,一餐你去吃個半碗到一碗
538.34,539.74,完全沒問題
539.74,540.74,再來第四個
540.74,541.5400000000001,你要注意的
541.5400000000001,542.5400000000001,當然就是
542.5400000000001,544.24,講到爛你的燒湯燒
544.24,545.24,元燒油炸
545.24,546.64,這個真的很重要
546.64,547.94,兩個禮拜的時間
547.94,549.5400000000001,想辦法克制一下
549.64,551.74,保證你就會能夠看到
551.74,553.54,自己的進步啦
553.54,554.14,再來
554.14,554.9399999999999,兩週
554.9399999999999,558.04,懶人簡直數之六叫生活習慣
558.04,560.54,會造成你減肥效果好不好
560.54,562.54,其實取決於兩個
562.54,565.04,看似很普通的生活習慣
565.04,567.54,但其實卻會大大的影響
567.54,569.04,你到底受多少
569.04,571.24,來第一個叫什麼叫睡得好
571.24,573.04,晚上11點到2點
573.04,573.54,人體啊
573.54,574.54,受體數分
574.54,575.9399999999999,密最高峰的位置
575.9399999999999,577.9399999999999,這個時候你必須要好好睡覺
577.94,579.5400000000001,你就能夠受得多
579.5400000000001,582.34,然後每天記得要睡滿八個小時
582.34,584.34,還可以消耗大概300
584.34,586.94,大卡到400大卡以上
586.94,587.94,以後你媽媽問你
587.94,589.24,你怎麼都不奇怪
589.24,590.94,你敢拿說我在減肥
590.94,592.74,再來第二個生活習慣
592.74,593.5400000000001,好不好
593.5400000000001,594.94,水要喝夠
594.94,596.74,這個是老身上
596.74,598.1400000000001,但是一般人正常
598.1400000000001,601.24,你一天喝到體重層於30的水量就夠
601.24,603.24,但如果你想要受得多
603.24,606.34,請你一定要喝到體重層於40
606.34,608.24,例如說像我這樣70公斤
608.24,610.5400000000001,你要喝到2800cc以上
610.5400000000001,612.5400000000001,例如說這個84公斤
612.5400000000001,614.5400000000001,你要喝到3200cc以上
614.5400000000001,615.5400000000001,90公斤
615.5400000000001,617.5400000000001,90公斤就3600cc
617.5400000000001,618.5400000000001,120
618.5400000000001,619.5400000000001,好
619.5400000000001,620.5400000000001,來
620.5400000000001,621.34,茶啦
621.34,622.34,咖啡啦
622.34,624.34,湯啊70多算
624.34,626.14,好不好都算在水量裡面
626.14,629.0400000000001,所以當你的水量喝得夠的情況之下
629.0400000000001,630.74,你代謝才能提高
630.74,632.44,你的便秘才能改善
632.44,634.5400000000001,你的保住感也會增加
634.5400000000001,635.5400000000001,但是哦
635.54,636.3399999999999,你記得哦
636.3399999999999,637.14,你不要想說
637.14,637.9399999999999,老大這樣講
637.9399999999999,640.4399999999999,我一次去就給他幹掉一頭跑了
640.4399999999999,641.9399999999999,我不信哦
641.9399999999999,643.24,你啊這個水啊
643.24,644.74,全部都會陪勝長
644.74,646.3399999999999,馬上加住孩子
646.3399999999999,648.64,除了害你瘋狂跑車所之外
648.64,650.4399999999999,那些水分基本上很難
650.4399999999999,651.8399999999999,完全的距離哦
651.8399999999999,652.4399999999999,所以啊
652.4399999999999,654.04,你必須要做到的是什麼
654.04,656.04,分段和慢慢和
656.04,656.3399999999999,啊
656.3399999999999,658.74,一次你就喝個250cc
658.74,659.54,然後一個小時
659.54,661.24,一個小時這樣補充進去
661.24,663.14,水分才能夠確實
663.14,665.04,進去到你的身體裡面
665.04,666.74,確實被利用
666.74,668.54,減肥的效果才會好
668.54,669.04,好啦
669.04,671.24,以上就是染人減止素啦
671.24,672.74,真的超簡單對不對
672.74,674.64,但是相信我看著我
674.64,676.14,層質的量碼
676.14,677.04,好不好
677.04,678.14,層質中
678.14,679.9399999999999,層質中照記
679.9399999999999,681.3399999999999,就是
681.3399999999999,682.24,而且真的是這樣
682.24,683.4399999999999,因為越層肯的人
683.4399999999999,685.14,會遭到別人紀錄
685.14,685.74,你知道嗎
685.74,687.4399999999999,所以層質中照記
687.4399999999999,688.4399999999999,OK
688.4399999999999,690.04,之前我去拍廣告的時候
690.04,692.74,兩週就是利用以上的幾招
692.74,694.3399999999999,真的給他練出服務機啦
694.3399999999999,694.9399999999999,好不好
694.94,695.44,當然啦
695.44,698.1400000000001,那個死壽是因為這個時間非常減過
698.1400000000001,699.44,我一天的運動量
699.44,702.44,直接給他增加到一天三小時
702.44,704.84,完全是地獄死死亡懸念
704.84,706.44,但是其他講的
706.44,709.84,完全就跟我們現在今天交的一模一樣
709.84,712.34,小黑也是現在照著這個方法
712.34,713.84,正在慢慢執行
713.84,714.84,一個月左右
714.84,715.94,真的是進步
715.94,716.74,層輸
716.74,719.6400000000001,尤其他是這個本身是一隻軍艦鳥
719.6400000000001,720.6400000000001,到現在
720.6400000000001,722.84,他已經是一隻百路死了
722.84,725.24,真的是蠻難好的
725.24,728.5400000000001,你看其實我們都已經40塊40歲了
728.5400000000001,730.5400000000001,一條腿放置直接插進
730.5400000000001,732.44,這關彩裡面
732.44,733.84,我們每天上完那麼多
733.84,735.74,他還要顧小孩
735.74,737.44,我們還是很努力
737.44,740.44,一起把健康還生在過
740.44,743.5400000000001,所以七位粉們老大口口活性
743.5400000000001,745.64,我們一起來減肥吧
745.64,749.14,現在就趕緊到老大的FB減肥社團
749.14,751.94,便美不孤單老大陪你送
751.94,754.6400000000001,去發輪向增加自己的決心
754.6400000000001,758.1400000000001,順便記錄一下這個身體的變化
758.1400000000001,761.6400000000001,2023年只剩最後一個月了
761.6400000000001,762.6400000000001,你不拿來休息
762.6400000000001,763.24,你要幹嘛
763.24,764.24,不是
764.24,766.24,你好好的給自己一個機會
766.24,767.1400000000001,衝生
767.1400000000001,771.1400000000001,好不好2020年讓我們一起散亮登場吧
771.1400000000001,772.34,我是七七老大
772.34,773.5400000000001,分享訂閱留言
773.5400000000001,775.1400000000001,我們下次見老大愛你
777.1400000000001,780.44,你說十二月有那麼多劇餐聖誕節
780.44,781.74,要跟朋友
781.74,783.44,機會要跨年怎麼減肥
783.44,784.44,可以啊
784.44,784.84,好不好
784.84,787.6400000000001,其他時間做到需要吃大餐的時間
787.6400000000001,789.5400000000001,你是偶爾有一點放重
789.5400000000001,790.6400000000001,其實還要
790.6400000000001,791.6400000000001,對
791.6400000000001,792.6400000000001,真的一件事
792.6400000000001,793.6400000000001,走走看
810.44,814.8800000000001,走走走走走走走走走走走走走走走走走走走走走走走走走走走走走走走走走走走走走走走走走走走走走走走走走走走走走走走走走走走走走走走走走走走走走走走走走走走走走走走走走走走走走走走走走走走走走走走走走走走走走走走走走走走走走走走走走走走走走走走走走走走走走走走走走走走走走走走走走走走走走走走走走走走走走走走走走走走走走走走走走走走走走走走走走走走走走走走走走走走走走走走走走走走走走走走走走走走走走走走走走走走走走走走走走走走走走走走走走走走走走
